exp_id,proj,chip,organoid,batch,exp,paradigm,spikes_available,n_units_x,recording_length_ms,causal_available,cartpole_n_runs,experiment_mean_top_decile,performance_run_count,n_units_y,firing_rate_mean_hz,firing_rate_median_hz,firing_rate_max_hz,burstiness_mean,burstiness_median,sttc_first_order_offdiag_mean,sttc_multi_order_offdiag_mean,causal_available_causal,connectivity_mean,connectivity_median,connectivity_max,burst_percent_mean,reactive_units,wind_ms
c20215_exp2,23-11-22_cartpole,c20215-run1,c20215,1,exp2,cycled,True,8.0,1385.0,True,23,34.169565217391316,23,8.0,5.768404275178909,4.75108790397644,14.906746864318848,0.9632270708680152,1.0,0.3002957139563347,0.3162248934552605,True,0.1812499993829988,0.0799999982118606,0.9800000190734864,0.092499999795109,8,200.0
c20215_r2-e1,23-11-22_cartpole,c20215-run2,c20215,1,r2-e1,cycled,True,9.0,1088.0,True,9,21.72222222222223,9,9.0,4.633012155691783,4.814154148101807,8.498115539550781,1.0,1.0,0.0478479503071866,0.0185623406173868,True,0.0624691352800086,0.0399999991059303,0.3799999952316284,0.079999999453624,9,200.0
p001068_exp1,23-11-30_cartpole,P001068,p001068,1,exp1,cycled,True,10.0,1115.0,True,3,38.86666666666668,3,10.0,2.626914429664612,2.876366257667541,3.9151930809021,1.0,1.0,0.0496787153805295,0.0530618181503895,True,0.0339999993517994,0.0199999995529651,0.1199999973177909,0.0319999996572732,10,200.0
p001068_exp2,23-11-30_cartpole,P001068,p001068,1,exp2,cycled,True,11.0,632.0,True,6,29.25000000000001,6,11.0,4.44665964083238,4.964678764343262,7.295310497283935,1.0,1.0,0.3232754489237612,0.3692654507065361,True,0.0399999991059303,0.0399999991059303,0.0799999982118606,0.1000000014901161,11,200.0
21965_exp1,23-11-30_cartpole,21965,21965,2,exp1,cycled,True,10.0,1604.0,True,12,45.28333333333334,12,10.0,9.057913327217102,3.8770575523376474,23.11899757385254,0.8421821147203445,1.0,0.0544723742227587,0.0998870982722211,True,0.7179999991878867,0.8499999940395355,1.0,0.011999999731779,10,200.0
22064_exp3,23-11-30_cartpole,22064,22064,2,exp3,cycled,True,9.0,704.0,True,6,37.71666666666669,6,9.0,5.438147597842747,3.633580446243286,12.91421127319336,0.9567756917741564,1.0,0.1179199643730599,0.1743878948295282,True,0.0617283941419036,0.0399999991059303,0.2800000011920929,0.0977777772479587,9,200.0
p001068_exp4,23-11-30_cartpole,P001068,p001068,1,exp4,cycled,True,10.0,819.0,True,6,50.80000000000001,6,10.0,6.142749392986298,5.47566819190979,13.741676330566406,0.9721587181091308,1.0,0.2362384429408444,0.2510169845074415,True,0.0565999995172023,0.0399999991059303,0.2199999988079071,0.061999998614192,10,200.0
21965_exp4,23-11-30_cartpole,21965,21965,2,exp4,cycled,True,10.0,2515.0,True,6,45.166666666666686,6,10.0,4.0984050989151,3.699601650238037,8.386208534240723,1.0,1.0,0.1233231298146873,0.2128800391775762,True,0.7026000038534402,0.8600000143051147,1.0,0.0059999998658895,10,200.0
22064_long_exp_2,23-11-30_cartpole,22064,22064,2,long_exp_2,cycled,True,10.0,376.0,True,15,28.473333333333336,15,10.0,5.375104773044586,4.975405693054199,8.894058227539062,1.0,1.0,0.205119906945361,0.2975796844396326,True,0.0509999994188547,0.0399999991059303,0.2399999946355819,0.1479999992996454,10,200.0
22064_long_exp_3,23-11-30_cartpole,22064,22064,2,long_exp_3,cycled,True,10.0,2314.0,True,20,39.09,20,10.0,6.218030500411987,4.793613910675049,16.17094612121582,0.9642281174659728,1.0,0.2223835307380391,0.2970596613672872,True,0.0531999993696808,0.0399999991059303,0.2199999988079071,0.1139999996870756,10,200.0
p001515_exp1,23-11-30_cartpole,P001515,p001515,2,exp1,cycled,True,9.0,235.0,True,9,30.24444444444445,9,9.0,4.890447490745121,4.360398769378662,10.070921897888184,0.9855818019972908,1.0,0.0324173857422162,0.0815979628209283,True,0.0659259256481388,0.0599999986588954,0.2199999988079071,0.0199999995529651,9,200.0
20217_exp1,24-01-07_data,20217,20217,3,exp1,cycled,True,10.0,1087.0,True,6,52.30000000000001,6,10.0,5.359181946516037,3.627015471458435,13.787992477416992,0.9480885207653046,1.0,0.0101816867504061,0.0214514068819375,True,0.0803999996185302,0.0599999986588954,0.4600000083446502,0.061999999731779,10,200.0
20217_exp2,24-01-07_data,20217,20217,3,exp2,cycled,True,10.0,473.0,True,3,22.066666666666663,3,10.0,3.0425190687179566,2.197282314300537,7.78551435470581,1.0,1.0,0.0111849206884572,0.0153746860554545,True,0.0491999992728233,0.0199999995529651,0.2599999904632568,0.0559999991208314,10,200.0
20217_exp4,24-01-07_data,20217,20217,3,exp4,cycled,True,15.0,2376.0,True,13,27.946153846153848,13,15.0,4.609895968437195,2.790205955505371,15.054445266723633,0.9546794474124908,1.0,0.03230764410331,0.0859486787258425,True,0.0613333326081434,0.0399999991059303,0.8199999928474426,0.0626666660110155,15,200.0
p001237_exp1,24-01-07_data,P001237,p001237,3,exp1,cycled,True,12.0,973.0,True,19,37.13157894736842,19,12.0,4.989395131667455,3.812690496444702,14.62059211730957,0.97515540321668,1.0,0.0171357719152707,0.0252413254991441,True,0.0676388882566243,0.0399999991059303,0.3600000143051147,0.0799999982118606,12,200.0
22064b_exp1,24-01-07_data,22064,22064b,3,exp1,cycled,True,12.0,223.0,True,6,42.98333333333334,6,12.0,3.478649859627088,2.078688383102417,15.195929527282717,0.986212561527888,1.0,0.0279672099694091,0.0561273534558219,True,0.0408333328604284,0.0199999995529651,0.2000000029802322,0.0149999996647238,12,200.0
p001346_exp1,24-03-25_plasticity,p001346,p001346,4,exp1,cycled,True,11.0,712.0,True,12,21.275000000000002,12,11.0,3.4380851550535723,3.0237812995910645,5.987553596496582,1.0,1.0,0.0130258817935431,-0.0082088838490149,True,0.0509090901406343,0.0399999991059303,0.1800000071525573,0.0818181810053912,11,200.0
p001237b_exp3,24-03-25_plasticity,p001237,p001237b,4,exp3,cycled,True,16.0,4657.0,True,7,57.74285714285714,7,16.0,18.47268483042717,19.26417827606201,30.65467643737793,0.941162008792162,1.0,0.499700862246876,0.6554835635858277,True,0.1299999996408587,0.1000000014901161,0.8399999737739563,0.1962499984074384,16,200.0
p001237b_RL_pharma,24-03-25_plasticity,p001237,p001237b,4,RL_pharma,continuous,True,14.0,2780.0,True,17,109.44117647058825,17,14.0,15.297392232077462,13.400846004486084,27.721864700317383,0.9957038036414556,1.0,0.5813974011894111,0.6199013983810341,True,0.1372448974193967,0.1000000014901161,0.9800000190734864,0.1585714263575417,14,200.0
p001237b_exp5,24-03-25_plasticity,p001237,p001237b,4,exp5,continuous,True,8.0,7176.0,True,7,31.014285714285712,7,8.0,13.184143766760826,10.361291885375977,24.383039474487305,0.9255206659436226,1.0,0.2512993647916509,0.3735673138372866,True,0.1153124994598329,0.0599999986588954,0.699999988079071,0.1974999983794987,8,200.0
p001237b_exp8,24-03-25_plasticity,p001237,p001237b,4,exp8,cycled,True,12.0,5091.0,True,15,36.45333333333334,15,12.0,13.590782403945925,11.997602462768556,33.51594924926758,0.9708957076072692,1.0,0.3884706477331223,0.4687768900061421,True,0.1122222224302176,0.0599999986588954,0.9200000166893004,0.2883333303034305,12,200.0
23133_exp2,24-04-18_butterfly,23133,23133,5,exp2,cycled,True,10.0,3648.0,True,18,25.14444444444445,18,10.0,13.595246410369873,12.917850971221924,23.31213760375977,0.8167413175106049,0.857780784368515,0.1808596079858641,0.1504788334895339,True,0.2095999997481703,0.1599999964237213,0.8600000143051147,0.1199999995529651,10,200.0
p001237b_exp2,24-04-18_butterfly,p001237,p001237b,4,exp2,continuous,True,13.0,509.0,True,15,103.95333333333335,15,13.0,6.524780163398156,6.651998043060303,15.984800338745115,0.9619591465363136,1.0,0.2479892352906366,0.3697989591642115,True,0.1459171593012894,0.1000000014901161,1.0,0.244615382873095,13,200.0
23133_exp3,24-04-18_butterfly,23133,23133,5,exp3,cycled,True,13.0,7320.0,True,18,37.35555555555556,18,13.0,11.623384182269756,9.3137845993042,24.40118408203125,0.8239474800916818,0.9104809165000916,0.0607469905334232,0.0296721577783151,True,0.1779881648542965,0.1400000005960464,0.9200000166893004,0.1338461528603847,13,200.0
23138_exp1,24-04-18_butterfly,23138,23138,5,exp1,cycled,True,10.0,5272.0,True,20,64.805,20,10.0,11.383535456657407,6.427157402038574,47.68030548095703,0.8809942811727524,1.0,0.0907781673310738,0.1076628634188738,True,0.3243999991193413,0.1900000050663948,1.0,0.0959999978542327,10,200.0
23138_RL_pharma,24-04-18_butterfly,23138,23138,5,RL_pharma,continuous,True,10.0,4975.0,True,20,71.625,20,10.0,8.653872609138489,3.6403671503067017,39.3473014831543,0.90620139837265,1.0,0.0302082492788839,0.1957049964590826,True,0.0549999998137354,0.0,1.0,0.3,10,200.0
23133_exp1,24-04-18_butterfly,23133,23133,5,exp1,continuous,True,14.0,2857.0,True,14,37.121428571428574,14,14.0,11.557310036250524,11.640647888183594,22.23457145690918,0.837276924933706,0.8815160095691681,0.206964147722369,0.2431398066257095,True,0.1750000006310185,0.1400000005960464,1.0,0.1571428584200995,14,200.0
23186_RL_only,24-04-18_butterfly,23186,23186,6,RL_only,continuous,True,10.0,1213.0,True,5,92.96000000000001,5,10.0,5.791226184368133,4.623177766799927,11.30369472503662,1.0,1.0,0.4468961812077193,0.4912007756531238,True,0.1253999999165534,0.0399999991059303,0.9399999976158142,0.1099999990314245,10,200.0
23138b_Rl_only2,24-04-18_butterfly,23138,23138b,6,Rl_only2,continuous,True,10.0,1856.0,True,24,42.37083333333334,24,10.0,6.318153500556946,6.423178195953369,12.059504508972168,0.9860788106918336,1.0,0.4056230603303346,0.4817551628376046,True,0.0797999993339181,0.0599999986588954,0.8199999928474426,0.0819999989122152,10,200.0
22097_Bl1,24-05-18_plasticity,22097,22097,7,Bl1,continuous,True,12.0,433.0,True,23,62.75652173913045,23,12.0,6.388760507106781,4.784069299697876,15.49571704864502,0.9124351119001708,1.0,0.0436379213842332,0.0615755447440526,True,0.0849999996264361,0.0599999986588954,0.9200000166893004,0.0716666672378778,12,200.0
22097_rl_only,2024-05-06_butterfly,22097,22097,7,rl_only,continuous,True,9.0,1099.0,True,7,324.37142857142857,7,9.0,9.490120728810629,6.814483642578125,37.42631912231445,1.0,1.0,0.0829421817001679,0.0185544695446474,True,0.1120987654100229,0.0799999982118606,1.0,0.0911111099024613,9,200.0
22194_baseline,24-05-24,22194,22194,7,baseline,continuous,True,10.0,3725.0,True,6,19.366666666666667,6,10.0,16.978419494628906,14.282299995422363,32.17475891113281,0.6561651185154915,0.5530860126018524,0.0653005653267933,0.1733844850522776,True,0.1848000000044703,0.1400000005960464,0.5799999833106995,0.1319999992847442,10,200.0
