model,fold,n_train,n_test,mae,rmse,r2,spearman
mean_baseline,0,25,7,29.624098964664785,34.22722504286001,-0.003959147533746155,
mean_baseline,1,25,7,25.12363014558167,27.09797143724945,-6.121986494245786,
mean_baseline,2,26,6,18.507505012275313,19.556193078793523,-0.36904827138792395,
mean_baseline,3,26,6,62.4679917184265,116.81180243229973,-0.2703104506724434,
mean_baseline,4,26,6,17.95851316824916,20.854739036162332,-2.868985098196286,
median_baseline,0,25,7,27.560757636387887,37.97635158731492,-0.23594498421950139,
median_baseline,1,25,7,9.39569703243616,11.290844778026381,-0.23646110178758795,
median_baseline,2,26,6,12.938943191311614,17.952205259700886,-0.15368099599825746,
median_baseline,3,26,6,63.24116910634074,119.9153803111597,-0.3387090483588988,
median_baseline,4,26,6,10.005965099715102,10.730507724084944,-0.024302141228159435,
firing_rate,0,25,7,105.30254579915588,121.15671955074939,-11.579624339239874,0.7142857142857144
firing_rate,1,25,7,18.241216835275548,21.44380918793584,-3.4599650215968136,0.4642857142857144
firing_rate,2,26,6,61.01187476663885,84.22558654092302,-24.394415227614427,0.8857142857142858
firing_rate,3,26,6,57.87316376132248,106.86342920002647,-0.06315021970564261,0.48571428571428577
firing_rate,4,26,6,19.911665114580984,24.088635338932757,-4.161927873611165,-0.48571428571428577
network,0,25,7,52.27980357971317,63.69322560457632,-2.47663539356667,-0.7500000000000002
network,1,25,7,33.3788858822044,41.574437007082416,-15.764103676268743,0.03571428571428572
network,2,26,6,38.65142313263802,45.61796084854352,-6.449409778472379,-0.3714285714285715
network,3,26,6,60.38094148040525,118.62287986874244,-0.31000618865344887,0.2
network,4,26,6,51.34193614605718,57.15812988600518,-28.063208634516112,-0.3142857142857143
