exp_id,organoid,fold
20217_exp1,20217,4
20217_exp2,20217,4
20217_exp4,20217,4
21965_exp1,21965,4
21965_exp4,21965,4
22064_exp3,22064,3
22064_long_exp_2,22064,3
22064_long_exp_3,22064,3
22064b_exp1,22064b,1
22097_Bl1,22097,3
22097_rl_only,22097,3
22194_baseline,22194,0
23133_exp1,23133,2
23133_exp2,23133,2
23133_exp3,23133,2
23138_RL_pharma,23138,2
23138_exp1,23138,2
23138b_Rl_only2,23138b,4
23186_RL_only,23186,3
c20215_exp2,c20215,1
c20215_r2-e1,c20215,1
p001068_exp1,p001068,1
p001068_exp2,p001068,1
p001068_exp4,p001068,1
p001237_exp1,p001237,2
p001237b_RL_pharma,p001237b,0
p001237b_exp2,p001237b,0
p001237b_exp3,p001237b,0
p001237b_exp5,p001237b,0
p001237b_exp8,p001237b,0
p001346_exp1,p001346,1
p001515_exp1,p001515,0
