exp_id,organoid,fold,model,y_true,y_pred,residual,abs_error
c20215_exp2,c20215,1,mean_baseline,34.169565217391316,59.276028351240754,-25.106463133849438,25.106463133849438
c20215_r2-e1,c20215,1,mean_baseline,21.72222222222223,59.276028351240754,-37.553806129018525,37.553806129018525
p001068_exp1,p001068,1,mean_baseline,38.86666666666668,59.276028351240754,-20.409361684574073,20.409361684574073
p001068_exp2,p001068,1,mean_baseline,29.25000000000001,59.276028351240754,-30.026028351240743,30.026028351240743
21965_exp1,21965,4,mean_baseline,45.28333333333334,57.14745547594147,-11.864122142608132,11.864122142608132
22064_exp3,22064,3,mean_baseline,37.71666666666669,43.6769056119259,-5.9602389452592135,5.9602389452592135
p001068_exp4,p001068,1,mean_baseline,50.80000000000001,59.276028351240754,-8.476028351240743,8.476028351240743
21965_exp4,21965,4,mean_baseline,45.166666666666686,57.14745547594147,-11.980788809274785,11.980788809274785
22064_long_exp_2,22064,3,mean_baseline,28.473333333333336,43.6769056119259,-15.203572278592567,15.203572278592567
22064_long_exp_3,22064,3,mean_baseline,39.09,43.6769056119259,-4.5869056119259,4.5869056119259
p001515_exp1,p001515,0,mean_baseline,30.24444444444445,53.31005596460494,-23.06561152016049,23.06561152016049
20217_exp1,20217,4,mean_baseline,52.30000000000001,57.14745547594147,-4.847455475941459,4.847455475941459
20217_exp2,20217,4,mean_baseline,22.066666666666663,57.14745547594147,-35.08078880927481,35.08078880927481
20217_exp4,20217,4,mean_baseline,27.946153846153848,57.14745547594147,-29.201301629787622,29.201301629787622
p001237_exp1,p001237,2,mean_baseline,37.13157894736842,55.68401879622444,-18.552439848856025,18.552439848856025
22064b_exp1,22064b,1,mean_baseline,42.98333333333334,59.276028351240754,-16.292695017907413,16.292695017907413
p001346_exp1,p001346,1,mean_baseline,21.275000000000002,59.276028351240754,-38.00102835124075,38.00102835124075
p001237b_exp3,p001237b,0,mean_baseline,57.74285714285714,53.31005596460494,4.432801178252198,4.432801178252198
p001237b_RL_pharma,p001237b,0,mean_baseline,109.44117647058825,53.31005596460494,56.131120505983304,56.131120505983304
p001237b_exp5,p001237b,0,mean_baseline,31.014285714285712,53.31005596460494,-22.29577025031923,22.29577025031923
p001237b_exp8,p001237b,0,mean_baseline,36.45333333333334,53.31005596460494,-16.8567226312716,16.8567226312716
23133_exp2,23133,2,mean_baseline,25.14444444444445,55.68401879622444,-30.539574351779994,30.539574351779994
p001237b_exp2,p001237b,0,mean_baseline,103.95333333333335,53.31005596460494,50.643277368728405,50.643277368728405
23133_exp3,23133,2,mean_baseline,37.35555555555556,55.68401879622444,-18.32846324066888,18.32846324066888
23138_exp1,23138,2,mean_baseline,64.805,55.68401879622444,9.120981203775564,9.120981203775564
23138_RL_pharma,23138,2,mean_baseline,71.625,55.68401879622444,15.940981203775557,15.940981203775557
23133_exp1,23133,2,mean_baseline,37.121428571428574,55.68401879622444,-18.56259022479587,18.56259022479587
23186_RL_only,23186,3,mean_baseline,92.96000000000001,43.6769056119259,49.283094388074105,49.283094388074105
23138b_Rl_only2,23138b,4,mean_baseline,42.37083333333334,57.14745547594147,-14.776622142608133,14.776622142608133
22097_Bl1,22097,3,mean_baseline,62.75652173913045,43.6769056119259,19.079616127204545,19.079616127204545
22097_rl_only,22097,3,mean_baseline,324.37142857142857,43.6769056119259,280.69452295950265,280.69452295950265
22194_baseline,22194,0,mean_baseline,19.366666666666667,53.31005596460494,-33.943389297938275,33.943389297938275
c20215_exp2,c20215,1,median_baseline,34.169565217391316,39.09,-4.920434782608687,4.920434782608687
c20215_r2-e1,c20215,1,median_baseline,21.72222222222223,39.09,-17.367777777777775,17.367777777777775
p001068_exp1,p001068,1,median_baseline,38.86666666666668,39.09,-0.22333333333332206,0.22333333333332206
p001068_exp2,p001068,1,median_baseline,29.25000000000001,39.09,-9.839999999999993,9.839999999999993
21965_exp1,21965,4,median_baseline,45.28333333333334,37.536111111111126,7.747222222222213,7.747222222222213
22064_exp3,22064,3,median_baseline,37.71666666666669,37.24356725146199,0.47309941520470034,0.47309941520470034
p001068_exp4,p001068,1,median_baseline,50.80000000000001,39.09,11.710000000000008,11.710000000000008
21965_exp4,21965,4,median_baseline,45.166666666666686,37.536111111111126,7.63055555555556,7.63055555555556
22064_long_exp_2,22064,3,median_baseline,28.473333333333336,37.24356725146199,-8.770233918128653,8.770233918128653
22064_long_exp_3,22064,3,median_baseline,39.09,37.24356725146199,1.8464327485380139,1.8464327485380139
p001515_exp1,p001515,0,median_baseline,30.24444444444445,38.86666666666668,-8.62222222222223,8.62222222222223
20217_exp1,20217,4,median_baseline,52.30000000000001,37.536111111111126,14.763888888888886,14.763888888888886
20217_exp2,20217,4,median_baseline,22.066666666666663,37.536111111111126,-15.469444444444463,15.469444444444463
20217_exp4,20217,4,median_baseline,27.946153846153848,37.536111111111126,-9.589957264957278,9.589957264957278
p001237_exp1,p001237,2,median_baseline,37.13157894736842,38.97833333333334,-1.8467543859649211,1.8467543859649211
22064b_exp1,22064b,1,median_baseline,42.98333333333334,39.09,3.893333333333338,3.893333333333338
p001346_exp1,p001346,1,median_baseline,21.275000000000002,39.09,-17.815,17.815
p001237b_exp3,p001237b,0,median_baseline,57.74285714285714,38.86666666666668,18.87619047619046,18.87619047619046
p001237b_RL_pharma,p001237b,0,median_baseline,109.44117647058825,38.86666666666668,70.57450980392156,70.57450980392156
p001237b_exp5,p001237b,0,median_baseline,31.014285714285712,38.86666666666668,-7.852380952380969,7.852380952380969
p001237b_exp8,p001237b,0,median_baseline,36.45333333333334,38.86666666666668,-2.413333333333341,2.413333333333341
23133_exp2,23133,2,median_baseline,25.14444444444445,38.97833333333334,-13.83388888888889,13.83388888888889
p001237b_exp2,p001237b,0,median_baseline,103.95333333333335,38.86666666666668,65.08666666666667,65.08666666666667
23133_exp3,23133,2,median_baseline,37.35555555555556,38.97833333333334,-1.6227777777777774,1.6227777777777774
23138_exp1,23138,2,median_baseline,64.805,38.97833333333334,25.826666666666668,25.826666666666668
23138_RL_pharma,23138,2,median_baseline,71.625,38.97833333333334,32.64666666666666,32.64666666666666
23133_exp1,23133,2,median_baseline,37.121428571428574,38.97833333333334,-1.8569047619047652,1.8569047619047652
23186_RL_only,23186,3,median_baseline,92.96000000000001,37.24356725146199,55.71643274853802,55.71643274853802
23138b_Rl_only2,23138b,4,median_baseline,42.37083333333334,37.536111111111126,4.8347222222222115,4.8347222222222115
22097_Bl1,22097,3,median_baseline,62.75652173913045,37.24356725146199,25.51295448766846,25.51295448766846
22097_rl_only,22097,3,median_baseline,324.37142857142857,37.24356725146199,287.1278613199666,287.1278613199666
22194_baseline,22194,0,median_baseline,19.366666666666667,38.86666666666668,-19.500000000000014,19.500000000000014
c20215_exp2,c20215,1,firing_rate,34.169565217391316,54.39927223314981,-20.229707015758493,20.229707015758493
c20215_r2-e1,c20215,1,firing_rate,21.72222222222223,51.91982939962973,-30.197607177407498,30.197607177407498
p001068_exp1,p001068,1,firing_rate,38.86666666666668,39.64632881569234,-0.7796621490256612,0.7796621490256612
p001068_exp2,p001068,1,firing_rate,29.25000000000001,47.68960213064982,-18.439602130649806,18.439602130649806
21965_exp1,21965,4,firing_rate,45.28333333333334,-0.1080254488146224,45.39135878214796,45.39135878214796
22064_exp3,22064,3,firing_rate,37.71666666666669,38.80508750211935,-1.0884208354526592,1.0884208354526592
p001068_exp4,p001068,1,firing_rate,50.80000000000001,53.554972136297,-2.754972136296992,2.754972136296992
21965_exp4,21965,4,firing_rate,45.166666666666686,49.02336888753181,-3.856702220865124,3.856702220865124
22064_long_exp_2,22064,3,firing_rate,28.473333333333336,39.20339319577041,-10.730059862437074,10.730059862437074
22064_long_exp_3,22064,3,firing_rate,39.09,43.32094536503372,-4.230945365033719,4.230945365033719
p001515_exp1,p001515,0,firing_rate,30.24444444444445,46.10923388320975,-15.864789438765296,15.864789438765296
20217_exp1,20217,4,firing_rate,52.30000000000001,36.11394429042281,16.186055709577204,16.186055709577204
20217_exp2,20217,4,firing_rate,22.066666666666663,48.801644299635626,-26.734977632968963,26.734977632968963
20217_exp4,20217,4,firing_rate,27.946153846153848,46.930812916452396,-18.984659070298548,18.984659070298548
p001237_exp1,p001237,2,firing_rate,37.13157894736842,66.94921771071849,-29.817638763350068,29.817638763350068
22064b_exp1,22064b,1,firing_rate,42.98333333333334,73.88112930543426,-30.897795972100916,30.897795972100916
p001346_exp1,p001346,1,firing_rate,21.275000000000002,45.66417126568949,-24.389171265689487,24.389171265689487
p001237b_exp3,p001237b,0,firing_rate,57.74285714285714,245.89532007247243,-188.1524629296153,188.1524629296153
p001237b_RL_pharma,p001237b,0,firing_rate,109.44117647058825,236.684667531807,-127.24349106121876,127.24349106121876
p001237b_exp5,p001237b,0,firing_rate,31.014285714285712,139.5586562388017,-108.54437052451598,108.54437052451598
p001237b_exp8,p001237b,0,firing_rate,36.45333333333334,211.26267488537928,-174.80934155204594,174.80934155204594
23133_exp2,23133,2,firing_rate,25.14444444444445,3.2974431195790856,21.847001324865364,21.847001324865364
p001237b_exp2,p001237b,0,firing_rate,103.95333333333335,65.77744419796947,38.175889135363875,38.175889135363875
23133_exp3,23133,2,firing_rate,37.35555555555556,27.937809133014703,9.417746422540858,9.417746422540858
23138_exp1,23138,2,firing_rate,64.805,222.7883906305009,-157.9833906305009,157.9833906305009
23138_RL_pharma,23138,2,firing_rate,71.625,196.82185308560307,-125.19685308560307,125.19685308560307
23133_exp1,23133,2,firing_rate,37.121428571428574,15.312810198455715,21.80861837297286,21.80861837297286
23186_RL_only,23186,3,firing_rate,92.96000000000001,41.64839654369005,51.31160345630996,51.31160345630996
23138b_Rl_only2,23138b,4,firing_rate,42.37083333333334,50.687070604961455,-8.316237271628118,8.316237271628118
22097_Bl1,22097,3,firing_rate,62.75652173913045,38.11242868421823,24.64409305491222,24.64409305491222
22097_rl_only,22097,3,firing_rate,324.37142857142857,69.13756857763931,255.23385999378925,255.23385999378925
22194_baseline,22194,0,firing_rate,19.366666666666667,-64.96080928589949,84.32747595256615,84.32747595256615
c20215_exp2,c20215,1,network,34.169565217391316,123.3537789747698,-89.18421375737847,89.18421375737847
c20215_r2-e1,c20215,1,network,21.72222222222223,58.885465264622894,-37.163243042400666,37.163243042400666
p001068_exp1,p001068,1,network,38.86666666666668,21.155865606936537,17.710801059730144,17.710801059730144
p001068_exp2,p001068,1,network,29.25000000000001,-1.469406224416666,30.719406224416677,30.719406224416677
21965_exp1,21965,4,network,45.28333333333334,-27.228723652977372,72.51205698631071,72.51205698631071
22064_exp3,22064,3,network,37.71666666666669,32.51625116067417,5.200415505992517,5.200415505992517
p001068_exp4,p001068,1,network,50.80000000000001,29.462803583537948,21.337196416462064,21.337196416462064
21965_exp4,21965,4,network,45.166666666666686,-18.631725549013105,63.79839221567979,63.79839221567979
22064_long_exp_2,22064,3,network,28.473333333333336,39.21349527278061,-10.740161939447276,10.740161939447276
22064_long_exp_3,22064,3,network,39.09,37.9930761122683,1.0969238877317053,1.0969238877317053
p001515_exp1,p001515,0,network,30.24444444444445,55.0886851512666,-24.844240706822152,24.844240706822152
20217_exp1,20217,4,network,52.30000000000001,63.109211783688025,-10.809211783688013,10.809211783688013
20217_exp2,20217,4,network,22.066666666666663,43.90190201266068,-21.835235345994015,21.835235345994015
20217_exp4,20217,4,network,27.946153846153848,95.69004472829437,-67.74389088214052,67.74389088214052
p001237_exp1,p001237,2,network,37.13157894736842,45.87408024848115,-8.742501301112732,8.742501301112732
22064b_exp1,22064b,1,network,42.98333333333334,11.043676816127622,31.93965651720572,31.93965651720572
p001346_exp1,p001346,1,network,21.275000000000002,15.677315842162962,5.59768415783704,5.59768415783704
p001237b_exp3,p001237b,0,network,57.74285714285714,-43.91739321603878,101.66025035889592,101.66025035889592
p001237b_RL_pharma,p001237b,0,network,109.44117647058825,12.761996589081328,96.67917988150691,96.67917988150691
p001237b_exp5,p001237b,0,network,31.014285714285712,63.41726130628662,-32.40297559200091,32.40297559200091
p001237b_exp8,p001237b,0,network,36.45333333333334,25.893703063329625,10.559630270003716,10.559630270003716
23133_exp2,23133,2,network,25.14444444444445,96.07870296016799,-70.93425851572354,70.93425851572354
p001237b_exp2,p001237b,0,network,103.95333333333335,22.77279875670306,81.1805345766303,81.1805345766303
23133_exp3,23133,2,network,37.35555555555556,100.36271226286136,-63.0071567073058,63.0071567073058
23138_exp1,23138,2,network,64.805,88.56445231287282,-23.75945231287281,23.75945231287281
23138_RL_pharma,23138,2,network,71.625,85.64085259518401,-14.015852595184015,14.015852595184015
23133_exp1,23133,2,network,37.121428571428574,88.57074593505784,-51.44931736362927,51.44931736362927
23186_RL_only,23186,3,network,92.96000000000001,54.54805296847074,38.411947031529266,38.411947031529266
23138b_Rl_only2,23138b,4,network,42.37083333333334,113.72366299586332,-71.35282966252998,71.35282966252998
22097_Bl1,22097,3,network,62.75652173913045,43.00783174184491,19.74868999728554,19.74868999728554
22097_rl_only,22097,3,network,324.37142857142857,37.28391805098342,287.08751052044516,287.08751052044516
22194_baseline,22194,0,network,19.366666666666667,37.9984803387989,-18.631813672132232,18.631813672132232
