exp_id,n_units,firing_rate_mean_hz,firing_rate_median_hz,firing_rate_max_hz,burstiness_mean,burstiness_median,sttc_first_order_offdiag_mean,sttc_multi_order_offdiag_mean
c20215_exp2,8,5.768404275178909,4.75108790397644,14.906746864318848,0.9632270708680153,1.0,0.30029571395633475,0.31622489345526056
c20215_r2-e1,9,4.633012155691783,4.814154148101807,8.498115539550781,1.0,1.0,0.04784795030718669,0.018562340617386833
p001068_exp1,10,2.6269144296646116,2.8763662576675415,3.9151930809020996,1.0,1.0,0.049678715380529564,0.053061818150389524
p001068_exp1-2,,,,,,,,
p001068_exp2,11,4.44665964083238,4.964678764343262,7.2953104972839355,1.0,1.0,0.3232754489237612,0.3692654507065361
21965_exp1,10,9.057913327217102,3.8770575523376465,23.11899757385254,0.8421821147203445,1.0,0.054472374222758746,0.09988709827222111
22064_exp3,9,5.438147597842747,3.633580446243286,12.91421127319336,0.9567756917741563,1.0,0.11791996437305999,0.1743878948295282
22064_exp4,,,,,,,,
22064_exp5,,,,,,,,
22064_exp7,,,,,,,,
p001068_exp4,10,6.142749392986298,5.47566819190979,13.741676330566406,0.9721587181091309,1.0,0.23623844294084442,0.25101698450744153
21965_exp4,10,4.0984050989151,3.699601650238037,8.386208534240723,1.0,1.0,0.1233231298146873,0.21288003917757628
22064_long_exp_2,10,5.375104773044586,4.975405693054199,8.894058227539062,1.0,1.0,0.20511990694536103,0.2975796844396326
22064_long_exp_3,10,6.218030500411987,4.793613910675049,16.17094612121582,0.9642281174659729,1.0,0.22238353073803915,0.29705966136728723
p001515_exp1,9,4.890447490745121,4.360398769378662,10.070921897888184,0.9855818019972907,1.0,0.03241738574221623,0.08159796282092834
20217_exp1,10,5.359181946516037,3.627015471458435,13.787992477416992,0.9480885207653046,1.0,0.010181686750406193,0.02145140688193755
20217_exp2,10,3.0425190687179566,2.197282314300537,7.7855143547058105,1.0,1.0,0.01118492068845727,0.015374686055454528
20217_exp4,15,4.609895968437195,2.790205955505371,15.054445266723633,0.9546794474124909,1.0,0.032307644103310024,0.08594867872584257
p001237_exp1,12,4.989395131667455,3.812690496444702,14.62059211730957,0.9751554032166799,1.0,0.01713577191527072,0.025241325499144186
p001237_exp2,,,,,,,,
22064b_exp1,12,3.478649859627088,2.078688383102417,15.195929527282715,0.9862125615278879,1.0,0.027967209969409105,0.056127353455821954
p001346_exp1,11,3.4380851550535723,3.0237812995910645,5.987553596496582,1.0,1.0,0.013025881793543125,-0.008208883849014952
p001237b_exp3,16,18.47268483042717,19.26417827606201,30.65467643737793,0.9411620087921619,1.0,0.499700862246876,0.6554835635858277
p001237b_RL_pharma,14,15.297392232077462,13.400846004486084,27.721864700317383,0.9957038036414555,1.0,0.5813974011894111,0.6199013983810341
p001237b_exp5,8,13.184143766760826,10.361291885375977,24.383039474487305,0.9255206659436226,1.0,0.2512993647916509,0.37356731383728664
p001237b_exp6,,,,,,,,
p001237b_exp8,12,13.590782403945923,11.997602462768555,33.51594924926758,0.9708957076072693,1.0,0.38847064773312234,0.46877689000614214
23133_exp2,10,13.595246410369873,12.917850971221924,23.312137603759766,0.8167413175106049,0.857780784368515,0.1808596079858641,0.15047883348953392
p001237b_exp2,13,6.524780163398156,6.651998043060303,15.984800338745117,0.9619591465363135,1.0,0.24798923529063663,0.36979895916421157
23133_exp3,13,11.623384182269756,9.3137845993042,24.40118408203125,0.8239474800916818,0.9104809165000916,0.06074699053342323,0.029672157778315104
23138_exp1,10,11.383535456657409,6.427157402038574,47.68030548095703,0.8809942811727524,1.0,0.09077816733107384,0.10766286341887381
23138_RL_pharma,10,8.653872609138489,3.6403671503067017,39.3473014831543,0.9062013983726501,1.0,0.030208249278883968,0.1957049964590826
23133_exp1,14,11.557310036250524,11.640647888183594,22.23457145690918,0.837276924933706,0.8815160095691681,0.20696414772236904,0.24313980662570958
23186_RL_only,10,5.791226184368133,4.623177766799927,11.303694725036621,1.0,1.0,0.44689618120771935,0.49120077565312387
23138b_Rl_only2,10,6.318153500556946,6.423178195953369,12.059504508972168,0.9860788106918335,1.0,0.40562306033033463,0.48175516283760467
22097_Bl1,12,6.388760507106781,4.784069299697876,15.49571704864502,0.9124351119001707,1.0,0.043637921384233225,0.06157554474405267
22097_rl_only,9,9.490120728810629,6.814483642578125,37.42631912231445,1.0,1.0,0.08294218170016797,0.01855446954464747
22194_baseline,10,16.978419494628906,14.282299995422363,32.17475891113281,0.6561651185154915,0.5530860126018524,0.06530056532679332,0.17338448505227763
