exp_id,basename,start_time,exp_type,logs_available,top_decile,reward_count,reward_mean,reward_max
c20215_exp2,exp2_cartpole,2023-11-24T17:05:45,none,True,15.0,100,12.15,28.0
c20215_exp2,exp2_cartpole_0,2023-11-24T18:00:25,rl,True,17.10000000000001,100,13.94,27.0
c20215_exp2,exp2_cartpole_1,2023-11-24T18:13:32,rl,True,57.400000000000034,100,33.2,164.0
c20215_exp2,exp2_cartpole_2,2023-11-24T19:00:25,random,True,36.0,100,21.33,85.0
c20215_exp2,exp2_cartpole_3,2023-11-24T20:00:26,none,True,23.0,100,16.45,42.0
c20215_exp2,exp2_cartpole_4,2023-11-24T21:00:25,rl,True,27.300000000000026,100,19.4,72.0
c20215_exp2,exp2_cartpole_5,2023-11-24T22:00:25,random,True,39.20000000000002,100,23.84,96.0
c20215_exp2,exp2_cartpole_6,2023-11-24T23:00:25,none,True,33.0,100,19.72,50.0
c20215_exp2,exp2_cartpole_7,2023-11-25T00:00:26,rl,True,48.10000000000001,100,26.61,113.0
c20215_exp2,exp2_cartpole_8,2023-11-25T01:00:25,random,True,37.0,100,20.65,66.0
c20215_exp2,exp2_cartpole_9,2023-11-25T02:00:25,none,True,19.0,100,14.56,38.0
c20215_exp2,exp2_cartpole_10,2023-11-25T03:00:25,rl,True,32.0,100,19.27,51.0
c20215_exp2,exp2_cartpole_11,2023-11-25T04:00:25,random,True,51.10000000000001,100,25.69,104.0
c20215_exp2,exp2_cartpole_12,2023-11-25T05:00:25,none,True,19.10000000000001,100,13.44,35.0
c20215_exp2,exp2_cartpole_13,2023-11-25T06:00:25,rl,True,61.0,100,30.86,148.0
c20215_exp2,exp2_cartpole_14,2023-11-25T07:00:25,random,True,46.300000000000026,100,25.33,92.0
c20215_exp2,exp2_cartpole_15,2023-11-25T08:00:25,none,True,22.10000000000001,100,15.96,49.0
c20215_exp2,exp2_cartpole_16,2023-11-25T09:00:25,rl,True,33.0,100,20.21,130.0
c20215_exp2,exp2_cartpole_17,2023-11-25T10:00:25,random,True,39.50000000000004,100,20.34,86.0
c20215_exp2,exp2_cartpole_18,2023-11-25T11:00:26,none,True,14.100000000000009,100,11.73,23.0
c20215_exp2,exp2_cartpole_19,2023-11-25T12:00:25,rl,True,36.0,100,20.38,86.0
c20215_exp2,exp2_cartpole_20,2023-11-25T13:00:25,random,True,42.60000000000005,100,23.29,106.0
c20215_exp2,exp2_cartpole_21,2023-11-25T14:00:25,none,True,37.0,100,22.5,87.0
c20215_r2-e1,e1_cartpole,2023-11-27T15:37:17,none,True,32.0,100,20.09,82.0
c20215_r2-e1,e1_cartpole_0,2023-11-27T18:59:51,none,True,25.10000000000001,100,16.84,38.0
c20215_r2-e1,e1_cartpole_1,2023-11-27T19:07:05,rl,True,36.10000000000001,100,22.91,97.0
c20215_r2-e1,e1_cartpole_2,2023-11-27T20:00:25,random,True,13.0,100,11.13,15.0
c20215_r2-e1,e1_cartpole_3,2023-11-27T21:00:25,none,True,13.0,100,11.31,21.0
c20215_r2-e1,e1_cartpole_4,2023-11-27T22:00:25,rl,True,25.10000000000001,100,15.11,43.0
c20215_r2-e1,e1_cartpole_5,2023-11-27T23:00:25,random,True,19.10000000000001,100,14.37,44.0
c20215_r2-e1,e1_cartpole_6,2023-11-28T00:00:25,none,True,12.0,100,10.88,15.0
c20215_r2-e1,e1_cartpole_7,2023-11-28T01:00:25,rl,True,20.10000000000001,100,14.28,49.0
p001068_exp1,exp1_cartpole,2023-12-01T16:21:19,none,True,12.0,100,11.03,15.0
p001068_exp1,exp1_cartpole_0,2023-12-01T16:25:53,rl,True,52.300000000000026,100,30.49,166.0
p001068_exp1,exp1_cartpole_1,2023-12-01T16:37:15,random,True,52.300000000000026,100,27.79,70.0
p001068_exp1-2,exp1-2_cartpole,2023-12-01T17:20:21,none,True,20.10000000000001,100,14.23,30.0
p001068_exp1-2,exp1-2_cartpole_0,2023-12-01T17:26:13,rl,True,46.0,100,27.84,107.0
p001068_exp1-2,exp1-2_cartpole_1,2023-12-01T17:36:38,random,True,47.0,100,26.69,100.0
p001068_exp1-2,exp1-2_cartpole_5,2023-12-01T17:54:56,none,True,13.0,100,11.68,19.0
p001068_exp1-2,exp1-2_cartpole_6,2023-12-01T17:59:57,rl,True,26.0,100,17.63,47.0
p001068_exp1-2,exp1-2_cartpole_7,2023-12-01T18:06:54,random,True,24.0,100,17.36,41.0
p001068_exp2,rec_cartpole,2023-12-04T16:05:27,none,True,14.100000000000009,100,12.3,22.0
p001068_exp2,rec_cartpole_0,2023-12-04T16:10:45,rl,True,29.0,100,18.33,45.0
p001068_exp2,rec_cartpole_1,2023-12-04T16:18:02,random,True,25.0,100,17.64,48.0
p001068_exp2,rec_cartpole_4,2023-12-04T16:33:44,none,True,14.0,100,11.8,24.0
p001068_exp2,rec_cartpole_5,2023-12-04T16:38:41,rl,True,42.400000000000034,100,26.37,78.0
p001068_exp2,rec_cartpole_6,2023-12-04T16:48:31,random,True,51.0,100,28.55,76.0
21965_exp1,exp1_cartpole,2023-12-05T17:06:27,none,True,29.0,100,20.36,103.0
21965_exp1,exp1_cartpole_1,2023-12-05T17:14:25,rl,True,29.0,100,19.37,46.0
21965_exp1,exp1_cartpole_2,2023-12-05T17:22:03,random,True,27.10000000000001,100,20.3,56.0
21965_exp1,exp1_cartpole_5,2023-12-05T17:38:20,none,True,50.300000000000026,100,30.75,71.0
21965_exp1,exp1_cartpole_6,2023-12-05T17:49:41,rl,True,52.300000000000026,100,33.56,87.0
21965_exp1,exp1_cartpole_7,2023-12-05T18:02:06,random,True,55.10000000000001,100,31.92,110.0
21965_exp1,exp1_cartpole_10,2023-12-05T18:52:42,none,True,53.20000000000002,100,33.46,88.0
21965_exp1,exp1_cartpole_11,2023-12-05T19:05:03,rl,True,58.10000000000001,100,33.64,87.0
21965_exp1,exp1_cartpole_12,2023-12-05T19:17:21,random,True,59.10000000000001,100,35.23,156.0
21965_exp1,exp1_cartpole_15,2023-12-05T19:38:46,none,True,38.0,100,26.25,116.0
21965_exp1,exp1_cartpole_16,2023-12-05T19:48:48,rl,True,55.10000000000001,100,31.27,87.0
21965_exp1,exp1_cartpole_17,2023-12-05T20:00:23,random,True,37.10000000000001,100,25.49,67.0
22064_exp3,exp3_cartpole,2023-12-06T15:12:03,none,True,24.10000000000001,100,17.14,55.0
22064_exp3,exp3_cartpole_1,2023-12-06T15:19:04,random,True,65.1000000000001,100,33.42,163.0
22064_exp3,exp3_cartpole_2,2023-12-06T15:31:34,rl,True,75.0,100,34.42,137.0
22064_exp3,exp3_cartpole_5,2023-12-06T15:52:32,none,True,21.0,100,15.56,58.0
22064_exp3,exp3_cartpole_6,2023-12-06T15:58:46,random,True,20.0,100,15.68,40.0
22064_exp3,exp3_cartpole_7,2023-12-06T16:05:28,rl,True,21.10000000000001,100,16.07,42.0
22064_exp4,exp4_cartpole,2023-12-06T17:01:08,none,True,22.0,100,16.51,29.0
22064_exp4,exp4_cartpole_1,2023-12-06T17:07:40,rl,True,68.0,100,31.01,119.0
22064_exp4,exp4_cartpole_2,2023-12-06T17:19:25,random,True,45.50000000000004,100,27.91,175.0
22064_exp4,exp4_cartpole_5,2023-12-06T17:38:12,none,True,19.0,100,15.31,43.0
22064_exp4,exp4_cartpole_6,2023-12-06T17:44:35,rl,True,21.0,100,15.5,62.0
22064_exp4,exp4_cartpole_7,2023-12-06T17:50:53,random,True,24.0,100,16.79,67.0
22064_exp5,exp5_cartpole,2023-12-06T21:18:26,none,True,40.10000000000001,100,25.66,68.0
22064_exp5,exp5_cartpole_1,2023-12-06T21:28:00,random,True,46.0,100,28.72,89.0
22064_exp5,exp5_cartpole_2,2023-12-06T21:38:52,rl,True,59.60000000000005,100,37.27,112.0
22064_exp5,exp5_cartpole_5,2023-12-06T22:00:41,none,True,50.300000000000026,100,28.61,86.0
22064_exp5,exp5_cartpole_6,2023-12-06T22:11:41,random,True,40.20000000000002,100,26.63,90.0
22064_exp5,exp5_cartpole_7,2023-12-06T22:21:54,rl,True,38.10000000000001,100,23.74,74.0
22064_exp7,exp7_cartpole,2023-12-07T12:29:52,none,True,22.0,300,15.823333333333334,76.0
22064_exp7,exp7_cartpole_1,2023-12-07T12:49:37,random,True,19.0,300,13.846666666666666,40.0
22064_exp7,exp7_cartpole_2,2023-12-07T13:07:11,rl,True,25.0,300,15.956666666666667,41.0
22064_exp7,exp7_cartpole_5,2023-12-07T13:35:01,none,True,30.0,300,19.356666666666666,89.0
22064_exp7,exp7_cartpole_6,2023-12-07T13:57:46,random,True,31.0,300,19.686666666666667,63.0
22064_exp7,exp7_cartpole_7,2023-12-07T14:21:02,rl,True,34.10000000000002,300,20.663333333333334,89.0
p001068_exp4,exp4_cartpole,2023-12-07T16:20:35,none,True,50.0,100,28.25,100.0
p001068_exp4,exp4_cartpole_1,2023-12-07T16:31:09,rl,True,66.30000000000003,100,33.22,123.0
p001068_exp4,exp4_cartpole_2,2023-12-07T16:43:10,random,True,56.20000000000002,100,32.08,107.0
p001068_exp4,exp4_cartpole_5,2023-12-07T17:03:25,none,True,43.0,100,26.53,87.0
p001068_exp4,exp4_cartpole_6,2023-12-07T17:13:27,rl,True,45.10000000000001,100,27.46,98.0
p001068_exp4,exp4_cartpole_7,2023-12-07T17:23:45,random,True,44.20000000000002,100,25.45,68.0
21965_exp4,exp4_cartpole,2023-12-08T15:19:07,none,True,33.10000000000001,100,21.88,49.0
21965_exp4,exp4_cartpole_1,2023-12-08T15:27:31,random,True,49.400000000000034,100,26.56,92.0
21965_exp4,exp4_cartpole_2,2023-12-08T15:37:32,rl,True,58.0,100,31.84,116.0
21965_exp4,exp4_cartpole_5,2023-12-08T15:57:47,none,True,43.10000000000001,100,28.65,104.0
21965_exp4,exp4_cartpole_6,2023-12-08T16:08:40,random,True,43.10000000000001,100,27.5,106.0
21965_exp4,exp4_cartpole_7,2023-12-08T16:19:07,rl,True,44.300000000000026,100,26.92,83.0
22064_long_exp_2,long_exp_2_cartpole_long,2023-12-12T21:11:11,none,True,15.099999999999994,200,12.625,35.0
22064_long_exp_2,long_exp_2_cartpole_long_1,2023-12-12T22:00:56,rl,True,24.0,200,16.98,117.0
22064_long_exp_2,long_exp_2_cartpole_long_2,2023-12-12T23:00:56,none,True,24.299999999999997,78,16.76923076923077,58.0
22064_long_exp_2,long_exp_2_cartpole_long_3,2023-12-12T23:16:54,none,True,24.0,200,15.61,49.0
22064_long_exp_2,long_exp_2_cartpole_long_4,2023-12-13T00:00:56,none,True,31.599999999999994,195,19.83076923076923,72.0
22064_long_exp_2,long_exp_2_cartpole_long_5,2023-12-13T01:00:56,rl,True,22.099999999999994,200,15.865,38.0
22064_long_exp_2,long_exp_2_cartpole_long_6,2023-12-13T02:00:56,none,True,28.0,200,18.73,61.0
22064_long_exp_2,long_exp_2_cartpole_long_7,2023-12-13T03:00:56,none,True,37.0,170,22.758823529411764,77.0
22064_long_exp_2,long_exp_2_cartpole_long_8,2023-12-13T04:00:57,rl,True,25.099999999999994,200,16.32,68.0
22064_long_exp_2,long_exp_2_cartpole_long_9,2023-12-13T05:00:56,none,True,36.30000000000001,178,21.48876404494382,78.0
22064_long_exp_2,long_exp_2_cartpole_long_10,2023-12-13T06:00:56,none,True,31.599999999999994,195,19.405128205128204,60.0
22064_long_exp_2,long_exp_2_cartpole_long_11,2023-12-13T07:00:56,rl,True,25.099999999999994,200,17.48,135.0
22064_long_exp_2,long_exp_2_cartpole_long_12,2023-12-13T08:00:56,none,True,37.20000000000002,179,21.877094972067038,92.0
22064_long_exp_2,long_exp_2_cartpole_long_13,2023-12-13T09:00:56,none,True,36.70000000000002,184,21.027173913043477,84.0
22064_long_exp_2,long_exp_2_cartpole_long_14,2023-12-13T10:00:56,rl,True,29.0,200,18.39,78.0
22064_long_exp_3,long_exp_3_cartpole_long,2023-12-13T16:43:40,none,True,31.5,146,20.136986301369863,86.0
22064_long_exp_3,long_exp_3_cartpole_long_1,2023-12-13T17:00:56,random,True,75.7,104,34.82692307692308,132.0
22064_long_exp_3,long_exp_3_cartpole_long_2,2023-12-13T18:00:56,none,True,44.5,126,25.30952380952381,77.0
22064_long_exp_3,long_exp_3_cartpole_long_3,2023-12-13T19:00:56,none,True,25.599999999999994,165,17.606060606060606,46.0
22064_long_exp_3,long_exp_3_cartpole_long_4,2023-12-13T20:00:56,random,True,38.5,146,21.815068493150687,130.0
22064_long_exp_3,long_exp_3_cartpole_long_5,2023-12-13T21:00:56,none,True,40.0,139,23.58273381294964,76.0
22064_long_exp_3,long_exp_3_cartpole_long_6,2023-12-13T22:00:56,none,True,37.0,151,21.543046357615893,75.0
22064_long_exp_3,long_exp_3_cartpole_long_7,2023-12-13T23:00:56,random,True,55.7,114,30.271929824561404,94.0
22064_long_exp_3,long_exp_3_cartpole_long_8,2023-12-14T00:00:56,none,True,40.30000000000001,148,22.08783783783784,62.0
22064_long_exp_3,long_exp_3_cartpole_long_9,2023-12-14T01:00:57,none,True,40.599999999999994,145,21.99310344827586,79.0
22064_long_exp_3,long_exp_3_cartpole_long_10,2023-12-14T02:00:56,random,True,43.400000000000006,127,25.19685039370079,73.0
22064_long_exp_3,long_exp_3_cartpole_long_11,2023-12-14T03:00:56,none,True,32.20000000000002,159,19.867924528301888,83.0
22064_long_exp_3,long_exp_3_cartpole_long_12,2023-12-14T04:00:56,none,True,40.3,138,22.869565217391305,70.0
22064_long_exp_3,long_exp_3_cartpole_long_13,2023-12-14T05:00:56,random,True,31.5,156,19.743589743589745,89.0
22064_long_exp_3,long_exp_3_cartpole_long_14,2023-12-14T06:00:56,none,True,39.5,146,21.924657534246574,88.0
22064_long_exp_3,long_exp_3_cartpole_long_15,2023-12-14T07:00:56,none,True,33.400000000000006,157,19.43312101910828,56.0
22064_long_exp_3,long_exp_3_cartpole_long_16,2023-12-14T08:00:56,random,True,28.0,168,17.696428571428573,81.0
22064_long_exp_3,long_exp_3_cartpole_long_17,2023-12-14T09:00:56,none,True,39.0,141,21.97163120567376,115.0
22064_long_exp_3,long_exp_3_cartpole_long_18,2023-12-14T10:00:56,none,True,39.599999999999994,145,22.075862068965517,68.0
22064_long_exp_3,long_exp_3_cartpole_long_19,2023-12-14T11:00:56,random,True,25.5,166,17.63855421686747,64.0
p001515_exp1,exp1_cartpole_long,2023-12-18T21:06:07,none,True,27.0,161,18.48447204968944,40.0
p001515_exp1,exp1_cartpole_long_1,2023-12-18T22:00:56,rl,True,47.0,123,27.056910569105693,96.0
p001515_exp1,exp1_cartpole_long_2,2023-12-18T23:00:56,none,True,31.0,156,20.128205128205128,49.0
p001515_exp1,exp1_cartpole_long_3,2023-12-19T00:00:56,none,True,32.0,149,20.590604026845636,94.0
p001515_exp1,exp1_cartpole_long_4,2023-12-19T01:00:56,rl,True,16.0,200,12.965,38.0
p001515_exp1,exp1_cartpole_long_5,2023-12-19T02:00:56,none,True,16.0,195,12.805128205128206,29.0
p001515_exp1,exp1_cartpole_long_6,2023-12-19T03:00:56,none,True,26.0,165,16.806060606060605,45.0
p001515_exp1,exp1_cartpole_long_7,2023-12-19T04:00:56,rl,True,55.20000000000002,115,29.895652173913042,141.0
p001515_exp1,exp1_cartpole_long_8,2023-12-19T05:00:56,none,True,22.0,175,15.8,50.0
20217_exp1,exp1_cartpole_long,2024-01-07T22:31:20,none,True,36.0,141,22.43262411347518,100.0
20217_exp1,exp1_cartpole_long_1,2024-01-07T23:00:56,rl,True,116.60000000000005,80,50.0875,266.0
20217_exp1,exp1_cartpole_long_2,2024-01-08T00:00:56,none,True,20.900000000000006,172,15.837209302325581,47.0
20217_exp1,exp1_cartpole_long_3,2024-01-08T01:00:56,none,True,23.0,172,18.11627906976744,70.0
20217_exp1,exp1_cartpole_long_4,2024-01-08T02:00:56,rl,True,101.3,88,45.19318181818182,227.0
20217_exp1,exp1_cartpole_long_5,2024-01-08T03:00:56,none,True,16.0,200,12.555,20.0
20217_exp2,exp2_cartpole_long,2024-01-08T14:59:50,none,True,32.19999999999999,155,20.593548387096774,81.0
20217_exp2,exp2_cartpole_long_1,2024-01-08T15:15:46,random,True,22.0,163,16.0920245398773,64.0
20217_exp2,exp2_cartpole_long_2,2024-01-08T16:00:56,none,True,12.0,200,10.995,14.0
20217_exp4,exp4_cartpole_long,2024-01-09T15:35:51,none,True,14.0,200,11.975,22.0
20217_exp4,exp4_cartpole_long_1,2024-01-09T16:00:56,rl,True,14.0,200,11.985,26.0
20217_exp4,exp4_cartpole_long_2,2024-01-09T17:00:56,none,True,12.0,200,11.065,17.0
20217_exp4,exp4_cartpole_long_3,2024-01-09T18:00:56,none,True,31.30000000000001,168,18.738095238095237,71.0
20217_exp4,exp4_cartpole_long_4,2024-01-09T19:00:56,rl,True,19.0,191,14.591623036649215,61.0
20217_exp4,exp4_cartpole_long_5,2024-01-09T20:00:56,none,True,21.099999999999994,190,15.5,46.0
20217_exp4,exp4_cartpole_long_6,2024-01-09T21:00:56,none,True,19.0,197,14.32994923857868,44.0
20217_exp4,exp4_cartpole_long_7,2024-01-09T22:00:56,rl,True,39.0,141,23.45390070921986,108.0
20217_exp4,exp4_cartpole_long_8,2024-01-09T23:00:56,none,True,28.0,164,18.536585365853657,54.0
20217_exp4,exp4_cartpole_long_9,2024-01-10T00:00:56,none,True,38.60000000000001,135,23.392592592592592,89.0
20217_exp4,exp4_cartpole_long_10,2024-01-10T01:00:56,rl,True,55.2,119,28.0,137.0
20217_exp4,exp4_cartpole_long_11,2024-01-10T02:00:55,none,True,34.10000000000001,140,21.607142857142858,50.0
20217_exp4,exp4_cartpole_long_12,2024-01-10T03:00:56,none,True,38.0,137,23.014598540145986,80.0
p001237_exp1,exp1_cartpole_long,2024-01-09T16:29:51,none,True,31.10000000000001,140,21.735714285714284,84.0
p001237_exp1,exp1_cartpole_long_1,2024-01-09T17:00:56,random,True,43.0,137,22.37226277372263,78.0
p001237_exp1,exp1_cartpole_long_2,2024-01-09T18:00:56,none,True,28.0,146,20.65068493150685,70.0
p001237_exp1,exp1_cartpole_long_3,2024-01-09T19:00:56,none,True,43.0,121,27.892561983471076,97.0
p001237_exp1,exp1_cartpole_long_4,2024-01-09T20:00:56,random,True,38.0,122,26.311475409836067,82.0
p001237_exp1,exp1_cartpole_long_5,2024-01-09T21:00:55,none,True,32.0,151,22.32450331125828,74.0
p001237_exp1,exp1_cartpole_long_6,2024-01-09T22:00:56,none,True,41.8,123,27.048780487804876,106.0
p001237_exp1,exp1_cartpole_long_7,2024-01-09T23:00:56,random,True,50.3,118,28.85593220338983,87.0
p001237_exp1,exp1_cartpole_long_8,2024-01-10T00:00:55,none,True,45.0,121,28.710743801652892,98.0
p001237_exp1,exp1_cartpole_long_9,2024-01-10T01:00:56,none,True,35.0,141,22.581560283687942,90.0
p001237_exp1,exp1_cartpole_long_10,2024-01-10T02:00:56,random,True,48.0,115,29.6,82.0
p001237_exp1,exp1_cartpole_long_11,2024-01-10T03:00:56,none,True,40.0,128,25.3125,83.0
p001237_exp1,exp1_cartpole_long_12,2024-01-10T04:00:56,none,True,41.20000000000002,125,26.08,62.0
p001237_exp1,exp1_cartpole_long_13,2024-01-10T05:00:55,random,True,34.0,142,23.246478873239436,56.0
p001237_exp1,exp1_cartpole_long_14,2024-01-10T06:00:56,none,True,31.099999999999994,150,21.386666666666667,56.0
p001237_exp1,exp1_cartpole_long_15,2024-01-10T07:00:56,none,True,28.0,157,20.012738853503183,67.0
p001237_exp1,exp1_cartpole_long_16,2024-01-10T08:00:55,random,True,35.0,131,24.17557251908397,84.0
p001237_exp1,exp1_cartpole_long_17,2024-01-10T09:00:56,none,True,31.0,148,21.527027027027028,71.0
p001237_exp1,exp1_cartpole_long_18,2024-01-10T10:00:56,none,True,30.0,156,19.878205128205128,41.0
p001237_exp2,exp2_cartpole_long,2024-01-10T12:00:56,rl,True,43.0,121,27.074380165289256,80.0
p001237_exp2,exp2_cartpole_long_1,2024-01-10T13:00:56,none,True,61.900000000000006,82,44.890243902439025,98.0
p001237_exp2,exp2_cartpole_long_2,2024-01-10T14:00:56,none,True,43.0,119,29.50420168067227,79.0
p001237_exp2,exp2_cartpole_long_3,2024-01-10T15:00:56,rl,True,51.10000000000001,110,33.46363636363636,131.0
p001237_exp2,exp2_cartpole_long_4,2024-01-10T16:00:55,none,True,50.2,109,32.43119266055046,84.0
22064b_exp1,exp1_cartpole_long,2024-01-12T19:09:40,none,True,49.80000000000001,117,30.28205128205128,127.0
22064b_exp1,exp1_cartpole_long_1,2024-01-12T20:00:56,rl,True,32.0,146,21.034246575342465,74.0
22064b_exp1,exp1_cartpole_long_2,2024-01-12T21:00:55,none,True,43.2,129,25.511627906976745,121.0
22064b_exp1,exp1_cartpole_long_3,2024-01-12T22:00:56,none,True,38.0,132,24.265151515151516,72.0
22064b_exp1,exp1_cartpole_long_4,2024-01-12T23:00:56,rl,True,48.10000000000001,130,26.161538461538463,78.0
22064b_exp1,exp1_cartpole_long_5,2024-01-13T00:00:56,none,True,46.8,123,26.54471544715447,81.0
p001346_exp1,exp1_cartpole_long_4,2024-03-26T00:00:56,rl,True,14.0,200,12.15,24.0
p001346_exp1,exp1_cartpole_long_5,2024-03-26T01:00:56,rl,True,22.80000000000001,192,14.510416666666666,82.0
p001346_exp1,exp1_cartpole_long_6,2024-03-26T02:00:56,none,True,22.0,186,15.53763440860215,122.0
p001346_exp1,exp1_cartpole_long_7,2024-03-26T03:00:56,rl,True,17.0,200,13.805,45.0
p001346_exp1,exp1_cartpole_long_8,2024-03-26T04:00:56,rl,True,13.099999999999994,200,11.905,22.0
p001346_exp1,exp1_cartpole_long_9,2024-03-26T05:00:56,none,True,13.0,200,11.67,22.0
p001346_exp1,exp1_cartpole_long_10,2024-03-26T06:00:57,rl,True,34.0,145,22.372413793103448,60.0
p001346_exp1,exp1_cartpole_long_11,2024-03-26T07:00:56,rl,True,25.0,175,17.05142857142857,41.0
p001346_exp1,exp1_cartpole_long_12,2024-03-26T08:00:56,none,True,20.0,191,14.486910994764397,36.0
p001346_exp1,exp1_cartpole_long_13,2024-03-26T09:00:56,rl,True,28.0,157,19.229299363057326,66.0
p001346_exp1,exp1_cartpole_long_14,2024-03-26T10:00:56,rl,True,15.0,200,12.055,26.0
p001346_exp1,exp1_cartpole_long_15,2024-03-26T11:00:56,none,True,31.400000000000034,154,19.59090909090909,52.0
p001237b_exp3,exp3_cartpole_long,2024-04-05T15:13:08,rl,True,166.6,52,63.17307692307692,299.0
p001237b_exp3,exp3_cartpole_long_1,2024-04-05T16:04:46,rl,True,33.0,113,22.256637168141594,65.0
p001237b_exp3,exp3_cartpole_long_2,2024-04-05T17:00:30,none,True,47.599999999999994,103,26.135922330097088,68.0
p001237b_exp3,exp3_cartpole_long_3,2024-04-05T18:00:31,rl,True,59.2,89,33.13483146067416,149.0
p001237b_exp3,exp3_cartpole_long_4,2024-04-05T19:00:30,none,True,34.80000000000001,117,21.65811965811966,121.0
p001237b_exp3,exp3_cartpole_long_5,2024-04-05T20:00:31,rl,True,40.0,104,26.423076923076923,158.0
p001237b_exp3,exp3_cartpole_long_6,2024-04-05T21:00:30,none,True,23.0,140,15.45,68.0
p001237b_RL_pharma,RL_pharma_cartpole_long_2,2024-04-06T19:35:28,rl,True,128.1,60,57.61666666666667,160.0
p001237b_RL_pharma,RL_pharma_cartpole_long_3,2024-04-06T20:00:56,rl,True,20.400000000000002,27,13.481481481481481,36.0
p001237b_RL_pharma,RL_pharma_cartpole_long_4,2024-04-06T20:06:24,rl,True,122.19999999999999,67,49.223880597014926,302.0
p001237b_RL_pharma,RL_pharma_cartpole_long_5,2024-04-06T21:00:55,rl,True,73.80000000000001,89,33.30337078651685,205.0
p001237b_RL_pharma,RL_pharma_cartpole_long_6,2024-04-06T22:00:55,rl,True,131.80000000000015,54,58.03703703703704,434.0
p001237b_RL_pharma,RL_pharma_cartpole_long_7,2024-04-06T23:00:55,rl,True,93.0,71,44.2112676056338,410.0
p001237b_RL_pharma,RL_pharma_cartpole_long_8,2024-04-06T23:55:17,rl,True,35.4,2,33.0,36.0
p001237b_RL_pharma,RL_pharma_cartpole_long_9,2024-04-07T00:01:37,rl,True,166.7000000000001,50,70.7,611.0
p001237b_RL_pharma,RL_pharma_cartpole_long_10,2024-04-07T01:00:55,rl,True,120.29999999999998,52,64.21153846153847,583.0
p001237b_RL_pharma,RL_pharma_cartpole_long_11,2024-04-07T02:00:55,rl,True,106.60000000000002,63,53.79365079365079,418.0
p001237b_RL_pharma,RL_pharma_cartpole_long_12,2024-04-07T03:00:55,rl,True,103.60000000000005,80,37.7125,153.0
p001237b_RL_pharma,RL_pharma_cartpole_long_13,2024-04-07T04:00:55,rl,True,227.60000000000005,44,85.20454545454545,558.0
p001237b_RL_pharma,RL_pharma_cartpole_long_14,2024-04-07T05:00:55,rl,True,158.0,56,63.732142857142854,308.0
p001237b_RL_pharma,RL_pharma_cartpole_long_15,2024-04-07T06:00:55,rl,True,125.20000000000002,65,52.07692307692308,192.0
p001237b_RL_pharma,RL_pharma_cartpole_long_16,2024-04-07T07:00:55,rl,True,96.99999999999997,78,38.12820512820513,370.0
p001237b_RL_pharma,RL_pharma_cartpole_long_17,2024-04-07T08:00:55,rl,True,82.80000000000001,84,37.05952380952381,199.0
p001237b_RL_pharma,RL_pharma_cartpole_long_18,2024-04-07T09:00:55,rl,True,68.0,101,27.91089108910891,128.0
p001237b_exp5,exp5_cartpole_F,2024-04-16T12:25:17,rl,True,75.0,197,34.01015228426396,192.0
p001237b_exp5,exp5_cartpole_F_1,2024-04-16T13:00:55,rl,True,13.0,200,11.36,22.0
p001237b_exp5,exp5_cartpole_F_2,2024-04-16T14:00:55,rl,True,13.0,200,11.8,50.0
p001237b_exp5,exp5_cartpole_F_3,2024-04-16T15:00:55,rl,True,21.0,200,13.99,39.0
p001237b_exp5,exp5_cartpole_F_4,2024-04-16T16:00:55,rl,True,31.0,200,18.42,92.0
p001237b_exp5,exp5_cartpole_F_5,2024-04-16T17:00:56,rl,True,24.0,200,15.705,66.0
p001237b_exp5,exp5_cartpole_F_6,2024-04-16T18:00:55,rl,True,40.099999999999994,200,23.165,96.0
p001237b_exp6,exp6_cartpole_long_3,2024-04-18T00:11:33,rl,True,78.30000000000001,70,46.82857142857143,145.0
p001237b_exp6,exp6_cartpole_long_4,2024-04-18T01:00:55,rl,True,126.0,51,69.90196078431373,221.0
p001237b_exp6,exp6_cartpole_long_5,2024-04-18T02:00:55,none,True,124.5,56,62.67857142857143,160.0
p001237b_exp6,exp6_cartpole_long_6,2024-04-18T03:00:55,rl,True,107.5,56,63.160714285714285,197.0
p001237b_exp6,exp6_cartpole_long_7,2024-04-18T04:00:55,rl,True,113.2,59,57.355932203389834,185.0
p001237b_exp6,exp6_cartpole_long_8,2024-04-18T05:00:55,none,True,97.7,64,53.296875,262.0
p001237b_exp6,exp6_cartpole_long_9,2024-04-18T06:00:55,rl,True,82.7,74,43.86486486486486,191.0
p001237b_exp8,exp8_cartpole_long,2024-04-18T20:28:27,none,True,39.10000000000001,110,23.745454545454546,76.0
p001237b_exp8,exp8_cartpole_long_1,2024-04-18T21:01:00,rl,True,47.80000000000001,104,26.182692307692307,115.0
p001237b_exp8,exp8_cartpole_long_2,2024-04-18T22:01:00,random,True,31.60000000000001,125,19.016,49.0
p001237b_exp8,exp8_cartpole_long_3,2024-04-18T23:01:00,none,True,27.0,129,18.007751937984494,66.0
p001237b_exp8,exp8_cartpole_long_4,2024-04-19T00:01:00,rl,True,55.89999999999999,98,28.755102040816325,89.0
p001237b_exp8,exp8_cartpole_long_5,2024-04-19T01:01:00,random,True,28.400000000000006,127,18.708661417322833,48.0
p001237b_exp8,exp8_cartpole_long_6,2024-04-19T02:01:00,none,True,29.0,121,20.206611570247933,140.0
p001237b_exp8,exp8_cartpole_long_7,2024-04-19T03:01:00,rl,True,50.0,105,25.428571428571427,103.0
p001237b_exp8,exp8_cartpole_long_8,2024-04-19T04:01:00,random,True,29.900000000000006,122,19.885245901639344,87.0
p001237b_exp8,exp8_cartpole_long_9,2024-04-19T05:01:00,none,True,21.0,141,15.26241134751773,39.0
p001237b_exp8,exp8_cartpole_long_10,2024-04-19T06:01:00,rl,True,37.0,116,21.801724137931036,69.0
p001237b_exp8,exp8_cartpole_long_11,2024-04-19T07:01:00,random,True,36.400000000000006,114,22.526315789473685,53.0
p001237b_exp8,exp8_cartpole_long_12,2024-04-19T08:01:01,none,True,24.700000000000003,134,16.888059701492537,66.0
p001237b_exp8,exp8_cartpole_long_13,2024-04-19T09:01:00,rl,True,52.0,96,29.75,125.0
p001237b_exp8,exp8_cartpole_long_14,2024-04-19T10:01:00,random,True,37.0,114,22.605263157894736,61.0
23133_exp2,exp2_cartpole_long,2024-04-19T17:10:05,none,True,14.0,158,12.189873417721518,20.0
23133_exp2,exp2_cartpole_long_1,2024-04-19T18:01:00,random,True,18.0,152,13.138157894736842,37.0
23133_exp2,exp2_cartpole_long_2,2024-04-19T19:01:00,rl,True,75.3,88,34.19318181818182,134.0
23133_exp2,exp2_cartpole_long_3,2024-04-19T20:00:59,none,True,13.0,161,11.621118012422361,21.0
23133_exp2,exp2_cartpole_long_4,2024-04-19T21:01:00,random,True,12.0,164,11.115853658536585,19.0
23133_exp2,exp2_cartpole_long_5,2024-04-19T22:01:00,rl,True,62.80000000000004,99,28.767676767676768,136.0
23133_exp2,exp2_cartpole_long_6,2024-04-19T23:00:59,none,True,14.0,156,12.352564102564102,50.0
23133_exp2,exp2_cartpole_long_7,2024-04-20T00:01:00,random,True,15.0,156,12.320512820512821,36.0
23133_exp2,exp2_cartpole_long_8,2024-04-20T01:00:59,rl,True,61.80000000000001,107,25.327102803738317,157.0
23133_exp2,exp2_cartpole_long_9,2024-04-20T02:01:00,none,True,14.0,158,12.215189873417721,26.0
23133_exp2,exp2_cartpole_long_10,2024-04-20T03:01:00,random,True,12.0,164,11.060975609756097,24.0
23133_exp2,exp2_cartpole_long_11,2024-04-20T04:00:59,rl,True,34.400000000000006,119,21.201680672268907,99.0
23133_exp2,exp2_cartpole_long_12,2024-04-20T05:01:00,none,True,12.0,163,11.190184049079754,26.0
23133_exp2,exp2_cartpole_long_13,2024-04-20T06:01:00,random,True,12.0,164,11.067073170731707,26.0
23133_exp2,exp2_cartpole_long_14,2024-04-20T07:00:59,rl,True,27.299999999999997,128,18.515625,64.0
23133_exp2,exp2_cartpole_long_15,2024-04-20T08:01:00,none,True,12.0,163,11.14723926380368,23.0
23133_exp2,exp2_cartpole_long_16,2024-04-20T09:01:00,random,True,12.0,163,11.214723926380367,33.0
23133_exp2,exp2_cartpole_long_17,2024-04-20T10:00:59,rl,True,31.0,126,19.126984126984127,71.0
p001237b_exp2,exp2_cartpole_long,2024-04-20T18:18:24,rl,True,75.20000000000002,75,41.93333333333333,127.0
p001237b_exp2,exp2_cartpole_long_1,2024-04-20T19:01:00,rl,True,122.20000000000003,69,46.289855072463766,343.0
p001237b_exp2,exp2_cartpole_long_2,2024-04-20T20:01:00,rl,True,108.4,74,43.67567567567568,222.0
p001237b_exp2,exp2_cartpole_long_3,2024-04-20T21:01:00,rl,True,85.5,86,34.93023255813954,184.0
p001237b_exp2,exp2_cartpole_long_4,2024-04-20T22:01:01,rl,True,119.60000000000005,77,40.5974025974026,380.0
p001237b_exp2,exp2_cartpole_long_5,2024-04-20T23:01:00,rl,True,187.0,56,62.625,359.0
p001237b_exp2,exp2_cartpole_long_6,2024-04-21T00:01:00,rl,True,156.60000000000008,63,52.87301587301587,321.0
p001237b_exp2,exp2_cartpole_long_7,2024-04-21T01:01:00,rl,True,87.6,83,36.3855421686747,375.0
p001237b_exp2,exp2_cartpole_long_8,2024-04-21T02:01:00,rl,True,41.800000000000026,115,21.286956521739132,131.0
p001237b_exp2,exp2_cartpole_long_9,2024-04-21T03:01:00,rl,True,92.5,86,34.98837209302326,300.0
p001237b_exp2,exp2_cartpole_long_10,2024-04-21T04:01:00,rl,True,120.0,76,41.9078947368421,227.0
p001237b_exp2,exp2_cartpole_long_11,2024-04-21T05:01:01,rl,True,85.09999999999998,88,33.93181818181818,181.0
p001237b_exp2,exp2_cartpole_long_12,2024-04-21T06:01:00,rl,True,63.0,101,27.445544554455445,144.0
p001237b_exp2,exp2_cartpole_long_13,2024-04-21T07:01:00,rl,True,117.80000000000004,65,48.44615384615385,233.0
p001237b_exp2,exp2_cartpole_long_14,2024-04-21T08:01:00,rl,True,97.0,81,38.19753086419753,304.0
23133_exp3,exp3_cartpole_long_3,2024-04-21T14:01:00,rl,True,53.0,94,31.372340425531913,170.0
23133_exp3,exp3_cartpole_long_4,2024-04-21T15:00:59,none,True,27.0,126,19.08730158730159,67.0
23133_exp3,exp3_cartpole_long_5,2024-04-21T16:01:00,random,True,22.0,139,15.841726618705035,37.0
23133_exp3,exp3_cartpole_long_6,2024-04-21T17:00:59,rl,True,67.0,90,33.422222222222224,151.0
23133_exp3,exp3_cartpole_long_7,2024-04-21T18:01:00,none,True,34.10000000000001,120,20.841666666666665,70.0
23133_exp3,exp3_cartpole_long_8,2024-04-21T19:00:59,random,True,21.200000000000003,139,15.870503597122303,41.0
23133_exp3,exp3_cartpole_long_9,2024-04-21T20:01:00,rl,True,56.0,97,29.536082474226806,136.0
23133_exp3,exp3_cartpole_long_10,2024-04-21T21:00:59,none,True,31.0,126,19.285714285714285,48.0
23133_exp3,exp3_cartpole_long_11,2024-04-21T22:01:00,random,True,42.400000000000034,100,27.65,152.0
23133_exp3,exp3_cartpole_long_12,2024-04-21T23:00:59,rl,True,55.70000000000002,102,27.294117647058822,98.0
23133_exp3,exp3_cartpole_long_13,2024-04-22T00:01:00,none,True,27.0,130,17.73846153846154,68.0
23133_exp3,exp3_cartpole_long_14,2024-04-22T01:01:00,random,True,22.0,141,15.50354609929078,54.0
23133_exp3,exp3_cartpole_long_15,2024-04-22T02:01:00,rl,True,66.10000000000001,90,32.75555555555555,237.0
23133_exp3,exp3_cartpole_long_16,2024-04-22T03:01:00,none,True,28.200000000000003,129,18.224806201550386,54.0
23133_exp3,exp3_cartpole_long_17,2024-04-22T04:01:00,random,True,20.0,141,15.368794326241135,87.0
23133_exp3,exp3_cartpole_long_18,2024-04-22T05:01:00,rl,True,60.5,86,34.45348837209303,205.0
23133_exp3,exp3_cartpole_long_19,2024-04-22T06:01:00,none,True,20.0,141,15.212765957446809,51.0
23133_exp3,exp3_cartpole_long_20,2024-04-22T07:00:59,random,True,19.200000000000017,149,13.48993288590604,56.0
23138_exp1,exp1_cartpole_long_3,2024-04-24T19:34:46,rl,True,93.0,61,55.31147540983606,166.0
23138_exp1,exp1_cartpole_long_4,2024-04-24T20:01:00,none,True,83.1,70,46.714285714285715,175.0
23138_exp1,exp1_cartpole_long_5,2024-04-24T21:01:00,random,True,39.0,121,20.223140495867767,99.0
23138_exp1,exp1_cartpole_long_6,2024-04-24T22:01:00,rl,True,155.40000000000003,45,81.64444444444445,377.0
23138_exp1,exp1_cartpole_long_7,2024-04-24T23:01:00,none,True,41.0,120,20.516666666666666,82.0
23138_exp1,exp1_cartpole_long_8,2024-04-25T00:01:00,random,True,110.0,71,45.2112676056338,207.0
23138_exp1,exp1_cartpole_long_9,2024-04-25T01:01:00,rl,True,61.400000000000006,79,38.68354430379747,211.0
23138_exp1,exp1_cartpole_long_10,2024-04-25T02:01:00,none,True,42.10000000000001,120,20.483333333333334,73.0
23138_exp1,exp1_cartpole_long_11,2024-04-25T03:01:00,random,True,56.400000000000006,97,29.31958762886598,116.0
23138_exp1,exp1_cartpole_long_12,2024-04-25T04:01:00,rl,True,95.0,72,44.80555555555556,141.0
23138_exp1,exp1_cartpole_long_13,2024-04-25T05:01:00,none,True,21.0,135,16.45925925925926,87.0
23138_exp1,exp1_cartpole_long_14,2024-04-25T06:01:00,random,True,19.0,139,15.640287769784173,68.0
23138_exp1,exp1_cartpole_long_15,2024-04-25T07:01:00,rl,True,67.5,76,40.8421052631579,289.0
23138_exp1,exp1_cartpole_long_16,2024-04-25T08:01:00,none,True,22.0,139,15.597122302158274,58.0
23138_exp1,exp1_cartpole_long_17,2024-04-25T09:01:00,random,True,33.400000000000006,124,19.306451612903224,75.0
23138_exp1,exp1_cartpole_long_18,2024-04-25T10:01:00,rl,True,114.30000000000001,58,59.689655172413794,206.0
23138_exp1,exp1_cartpole_long_19,2024-04-25T11:01:00,none,True,23.700000000000003,134,16.84328358208955,78.0
23138_exp1,exp1_cartpole_long_20,2024-04-25T12:01:00,random,True,21.900000000000006,132,17.424242424242426,90.0
23138_exp1,exp1_cartpole_long_21,2024-04-25T16:36:08,rl,True,147.60000000000002,55,64.14545454545454,219.0
23138_exp1,exp1_cartpole_long_22,2024-04-25T17:01:00,none,True,49.3,108,24.87962962962963,80.0
23138_RL_pharma,RL_pharma_cartpole_long,2024-04-25T14:33:27,rl,True,30.400000000000006,124,19.20967741935484,134.0
23138_RL_pharma,RL_pharma_cartpole_long_1,2024-04-25T15:01:00,rl,True,29.200000000000003,119,20.58823529411765,120.0
23138_RL_pharma,RL_pharma_cartpole_long_2,2024-04-25T16:01:01,rl,True,29.80000000000001,117,21.99145299145299,199.0
23138_RL_pharma,RL_pharma_cartpole_long_3,2024-04-25T18:22:58,rl,True,84.0,71,45.985915492957744,138.0
23138_RL_pharma,RL_pharma_cartpole_long_4,2024-04-25T18:51:35,rl,True,179.4,50,71.68,303.0
23138_RL_pharma,RL_pharma_cartpole_long_5,2024-04-25T19:07:35,rl,True,94.0,66,50.303030303030305,227.0
23138_RL_pharma,RL_pharma_cartpole_long_6,2024-04-25T20:01:00,rl,True,90.5,66,49.86363636363637,220.0
23138_RL_pharma,RL_pharma_cartpole_long_7,2024-04-25T21:01:00,rl,True,72.20000000000006,75,43.026666666666664,189.0
23138_RL_pharma,RL_pharma_cartpole_long_8,2024-04-25T22:01:01,rl,True,84.39999999999999,72,44.72222222222222,150.0
23138_RL_pharma,RL_pharma_cartpole_long_9,2024-04-25T23:01:00,rl,True,61.0,94,30.73404255319149,173.0
23138_RL_pharma,RL_pharma_cartpole_long_10,2024-04-26T00:01:00,rl,True,76.5,76,42.078947368421055,194.0
23138_RL_pharma,RL_pharma_cartpole_long_11,2024-04-26T01:01:00,rl,True,80.89999999999999,78,40.23076923076923,306.0
23138_RL_pharma,RL_pharma_cartpole_long_12,2024-04-26T02:01:00,rl,True,78.80000000000001,82,37.5609756097561,203.0
23138_RL_pharma,RL_pharma_cartpole_long_13,2024-04-26T03:01:00,rl,True,62.80000000000001,97,29.463917525773194,171.0
23138_RL_pharma,RL_pharma_cartpole_long_14,2024-04-26T04:01:00,rl,True,46.0,112,23.392857142857142,143.0
23138_RL_pharma,RL_pharma_cartpole_long_15,2024-04-26T05:01:00,rl,True,51.79999999999998,103,26.650485436893202,166.0
23138_RL_pharma,RL_pharma_cartpole_long_16,2024-04-26T06:01:00,rl,True,67.40000000000003,95,30.45263157894737,151.0
23138_RL_pharma,RL_pharma_cartpole_long_17,2024-04-26T07:01:00,rl,True,53.400000000000006,99,28.7979797979798,199.0
23138_RL_pharma,RL_pharma_cartpole_long_18,2024-04-26T08:01:00,rl,True,83.2,79,39.67088607594937,210.0
23138_RL_pharma,RL_pharma_cartpole_long_19,2024-04-26T09:01:00,rl,True,76.80000000000001,77,40.688311688311686,150.0
23133_exp1,exp1_cartpole_long_3,2024-04-30T18:17:20,rl,True,59.0,107,25.60747663551402,180.0
23133_exp1,exp1_cartpole_long_4,2024-04-30T19:01:00,rl,True,27.0,126,19.642857142857142,139.0
23133_exp1,exp1_cartpole_long_5,2024-04-30T20:01:00,rl,True,44.599999999999994,118,21.559322033898304,78.0
23133_exp1,exp1_cartpole_long_6,2024-04-30T21:01:00,rl,True,54.0,107,25.570093457943926,93.0
23133_exp1,exp1_cartpole_long_10,2024-05-01T01:01:00,rl,True,38.0,117,21.931623931623932,57.0
23133_exp1,exp1_cartpole_long_11,2024-05-01T02:01:00,rl,True,35.10000000000001,120,21.05,65.0
23133_exp1,exp1_cartpole_long_12,2024-05-01T03:01:00,rl,True,42.80000000000001,107,25.588785046728972,73.0
23133_exp1,exp1_cartpole_long_13,2024-05-01T04:01:00,rl,True,50.0,104,26.778846153846153,91.0
23133_exp1,exp1_cartpole_long_14,2024-05-01T05:01:00,rl,True,39.0,121,20.66115702479339,61.0
23133_exp1,exp1_cartpole_long_15,2024-05-01T06:01:00,rl,True,39.0,112,23.705357142857142,93.0
23133_exp1,exp1_cartpole_long_16,2024-05-01T07:01:00,rl,True,21.700000000000017,144,14.881944444444445,43.0
23133_exp1,exp1_cartpole_long_17,2024-05-01T08:01:00,rl,True,19.799999999999997,143,14.902097902097902,51.0
23133_exp1,exp1_cartpole_long_18,2024-05-01T09:01:00,rl,True,17.0,152,13.236842105263158,30.0
23133_exp1,exp1_cartpole_long_19,2024-05-01T10:01:00,rl,True,32.7,124,19.717741935483872,110.0
23186_RL_only,RL_only_cartpole_long,2024-05-01T13:03:26,rl,True,75.20000000000003,79,39.89873417721519,450.0
23186_RL_only,RL_only_cartpole_long_1,2024-05-01T14:01:00,rl,True,165.2,45,82.02222222222223,304.0
23186_RL_only,RL_only_cartpole_long_2,2024-05-01T15:01:00,rl,True,90.0,71,46.267605633802816,185.0
23186_RL_only,RL_only_cartpole_long_3,2024-05-01T16:01:00,rl,True,79.39999999999998,78,41.12820512820513,136.0
23186_RL_only,RL_only_cartpole_long_4,2024-05-01T17:01:00,rl,True,55.0,91,32.38461538461539,120.0
23138b_Rl_only2,Rl_only2_cartpole_long,2024-05-05T10:35:11,rl,True,47.50000000000003,102,27.392156862745097,96.0
23138b_Rl_only2,Rl_only2_cartpole_long_1,2024-05-05T11:01:00,rl,True,36.0,113,23.38053097345133,60.0
23138b_Rl_only2,Rl_only2_cartpole_long_2,2024-05-05T12:01:00,rl,True,43.7,104,26.46153846153846,75.0
23138b_Rl_only2,Rl_only2_cartpole_long_3,2024-05-05T13:01:00,rl,True,45.70000000000002,102,26.96078431372549,86.0
23138b_Rl_only2,Rl_only2_cartpole_long_4,2024-05-05T14:01:00,rl,True,40.599999999999994,108,24.87962962962963,95.0
23138b_Rl_only2,Rl_only2_cartpole_long_5,2024-05-05T15:01:00,rl,True,38.900000000000006,112,23.6875,65.0
23138b_Rl_only2,Rl_only2_cartpole_long_6,2024-05-05T16:01:00,rl,True,39.0,109,24.660550458715598,79.0
23138b_Rl_only2,Rl_only2_cartpole_long_7,2024-05-05T17:01:00,rl,True,48.5,96,29.729166666666668,104.0
23138b_Rl_only2,Rl_only2_cartpole_long_8,2024-05-05T18:01:00,rl,True,45.3,98,28.724489795918366,97.0
23138b_Rl_only2,Rl_only2_cartpole_long_9,2024-05-05T19:01:00,rl,True,44.7,104,26.432692307692307,83.0
23138b_Rl_only2,Rl_only2_cartpole_long_10,2024-05-05T20:01:00,rl,True,47.0,101,27.940594059405942,86.0
23138b_Rl_only2,Rl_only2_cartpole_long_11,2024-05-05T21:01:00,rl,True,40.0,111,23.73873873873874,75.0
23138b_Rl_only2,Rl_only2_cartpole_long_12,2024-05-05T22:01:00,rl,True,36.2,109,24.605504587155963,98.0
23138b_Rl_only2,Rl_only2_cartpole_long_13,2024-05-05T23:01:00,rl,True,46.19999999999999,98,28.877551020408163,113.0
23138b_Rl_only2,Rl_only2_cartpole_long_14,2024-05-06T00:01:00,rl,True,38.10000000000001,110,24.51818181818182,75.0
23138b_Rl_only2,Rl_only2_cartpole_long_15,2024-05-06T01:00:59,rl,True,45.0,101,27.722772277227723,79.0
23138b_Rl_only2,Rl_only2_cartpole_long_16,2024-05-06T02:01:00,rl,True,46.0,107,25.50467289719626,77.0
23138b_Rl_only2,Rl_only2_cartpole_long_17,2024-05-06T03:01:00,rl,True,45.2,99,28.333333333333332,104.0
23138b_Rl_only2,Rl_only2_cartpole_long_18,2024-05-06T04:01:00,rl,True,44.5,106,25.669811320754718,81.0
23138b_Rl_only2,Rl_only2_cartpole_long_19,2024-05-06T05:01:00,rl,True,42.8,103,26.805825242718445,68.0
23138b_Rl_only2,Rl_only2_cartpole_long_20,2024-05-06T06:01:00,rl,True,35.400000000000006,114,22.771929824561404,61.0
23138b_Rl_only2,Rl_only2_cartpole_long_21,2024-05-06T07:01:00,rl,True,38.60000000000002,107,25.11214953271028,70.0
23138b_Rl_only2,Rl_only2_cartpole_long_22,2024-05-06T08:01:00,rl,True,41.0,107,25.44859813084112,75.0
23138b_Rl_only2,Rl_only2_cartpole_long_23,2024-05-06T09:01:00,rl,True,41.0,109,24.486238532110093,69.0
22097_Bl1,Bl1_cartpole_long,2024-05-18T12:37:47,rl,True,65.80000000000001,87,34.97701149425287,151.0
22097_Bl1,Bl1_cartpole_long_1,2024-05-18T13:01:00,rl,True,69.10000000000001,90,33.577777777777776,105.0
22097_Bl1,Bl1_cartpole_long_2,2024-05-18T14:01:01,rl,True,68.8,83,37.48192771084337,180.0
22097_Bl1,Bl1_cartpole_long_3,2024-05-18T15:01:01,rl,True,82.0,79,39.037974683544306,184.0
22097_Bl1,Bl1_cartpole_long_4,2024-05-18T16:01:00,rl,True,62.0,90,33.3,121.0
22097_Bl1,Bl1_cartpole_long_5,2024-05-18T17:01:01,rl,True,79.20000000000002,84,36.44047619047619,157.0
22097_Bl1,Bl1_cartpole_long_6,2024-05-18T18:01:01,rl,True,62.19999999999999,88,34.19318181818182,150.0
22097_Bl1,Bl1_cartpole_long_7,2024-05-18T19:01:00,rl,True,66.30000000000003,90,33.355555555555554,126.0
22097_Bl1,Bl1_cartpole_long_8,2024-05-18T20:01:01,rl,True,58.0,91,32.59340659340659,127.0
22097_Bl1,Bl1_cartpole_long_9,2024-05-18T21:01:01,rl,True,51.80000000000001,102,27.58823529411765,137.0
22097_Bl1,Bl1_cartpole_long_10,2024-05-18T22:01:00,rl,True,57.10000000000001,100,27.83,93.0
22097_Bl1,Bl1_cartpole_long_11,2024-05-18T23:01:01,rl,True,46.0,102,27.637254901960784,121.0
22097_Bl1,Bl1_cartpole_long_12,2024-05-19T00:01:01,rl,True,49.0,101,28.02970297029703,119.0
22097_Bl1,Bl1_cartpole_long_13,2024-05-19T01:01:00,rl,True,84.99999999999997,78,41.26923076923077,143.0
22097_Bl1,Bl1_cartpole_long_14,2024-05-19T02:01:01,rl,True,80.20000000000002,75,42.8,140.0
22097_Bl1,Bl1_cartpole_long_15,2024-05-19T03:01:01,rl,True,90.7,74,43.08108108108108,299.0
22097_Bl1,Bl1_cartpole_long_16,2024-05-19T04:01:00,rl,True,75.00000000000004,75,43.013333333333335,264.0
22097_Bl1,Bl1_cartpole_long_17,2024-05-19T05:01:01,rl,True,85.0,81,38.7037037037037,136.0
22097_Bl1,Bl1_cartpole_long_18,2024-05-19T06:01:01,rl,True,76.40000000000006,94,31.127659574468087,146.0
22097_Bl1,Bl1_cartpole_long_19,2024-05-19T07:01:00,rl,True,46.20000000000002,117,22.00854700854701,92.0
22097_Bl1,Bl1_cartpole_long_20,2024-05-19T08:01:01,rl,True,32.0,125,19.472,74.0
22097_Bl1,Bl1_cartpole_long_21,2024-05-19T09:01:01,rl,True,27.400000000000006,134,17.171641791044777,88.0
22097_Bl1,Bl1_cartpole_long_22,2024-05-19T10:01:00,rl,True,28.200000000000017,130,18.33076923076923,69.0
22097_rl_only,rl_only_cartpole_long,2024-05-25T11:19:36,rl,True,12.0,52,11.211538461538462,16.0
22097_rl_only,rl_only_cartpole_long_1,2024-05-25T11:28:08,rl,True,203.0,36,104.22222222222223,729.0
22097_rl_only,rl_only_cartpole_long_2,2024-05-25T12:01:01,rl,True,425.5,26,152.03846153846155,641.0
22097_rl_only,rl_only_cartpole_long_3,2024-05-25T13:01:00,rl,True,39.400000000000006,107,25.261682242990656,197.0
22097_rl_only,rl_only_cartpole_long_4,2024-05-25T14:01:01,rl,True,872.0000000000001,9,476.6666666666667,1164.0
22097_rl_only,rl_only_cartpole_long_5,2024-05-25T15:01:01,rl,True,617.5999999999999,15,260.3333333333333,1545.0
22097_rl_only,rl_only_cartpole_long_6,2024-05-25T16:01:01,rl,True,101.10000000000011,68,49.26470588235294,251.0
22194_baseline,baseline_cartpole_long,2024-05-30T12:21:51,rl,True,11.0,61,10.688524590163935,15.0
22194_baseline,baseline_cartpole_long_1,2024-05-30T12:30:41,rl,True,19.0,31,14.935483870967742,21.0
22194_baseline,baseline_cartpole_long_2,2024-05-30T12:36:45,rl,True,26.800000000000004,25,17.12,37.0
22194_baseline,baseline_cartpole_long_3,2024-05-30T12:43:20,rl,True,25.0,134,17.12686567164179,46.0
22194_baseline,baseline_cartpole_long_4,2024-05-30T13:01:00,rl,True,22.0,35,15.628571428571428,41.0
22194_baseline,baseline_cartpole_long_5,2024-05-30T13:08:51,rl,True,12.4,7,11.142857142857142,13.0
