exp_id,causal_available,connectivity_mean,connectivity_median,connectivity_max,burst_percent_mean,reactive_units,wind_ms
c20215_exp2,True,0.1812499993829988,0.07999999821186066,0.9800000190734863,0.09249999979510903,8,200
c20215_r2-e1,True,0.06246913528000867,0.03999999910593033,0.3799999952316284,0.07999999945362408,9,200
p001068_exp1,True,0.03399999935179949,0.019999999552965164,0.11999999731779099,0.03199999965727329,10,200
p001068_exp1-2,False,,,,,0,
p001068_exp2,True,0.03999999910593033,0.03999999910593033,0.07999999821186066,0.10000000149011612,11,200
21965_exp1,True,0.7179999991878867,0.8499999940395355,1.0,0.011999999731779098,10,200
22064_exp3,True,0.06172839414190363,0.03999999910593033,0.2800000011920929,0.09777777724795872,9,200
22064_exp4,False,,,,,0,
22064_exp5,False,,,,,0,
22064_exp7,False,,,,,0,
p001068_exp4,True,0.056599999517202376,0.03999999910593033,0.2199999988079071,0.06199999861419201,10,200
21965_exp4,True,0.7026000038534402,0.8600000143051147,1.0,0.005999999865889549,10,200
22064_long_exp_2,True,0.05099999941885471,0.03999999910593033,0.23999999463558197,0.1479999992996454,10,200
22064_long_exp_3,True,0.05319999936968088,0.03999999910593033,0.2199999988079071,0.11399999968707561,10,200
p001515_exp1,True,0.06592592564813884,0.05999999865889549,0.2199999988079071,0.019999999552965164,9,200
20217_exp1,True,0.08039999961853027,0.05999999865889549,0.46000000834465027,0.061999999731779096,10,200
20217_exp2,True,0.049199999272823335,0.019999999552965164,0.25999999046325684,0.05599999912083149,10,200
20217_exp4,True,0.06133333260814349,0.03999999910593033,0.8199999928474426,0.06266666601101557,15,200
p001237_exp1,True,0.06763888825662434,0.03999999910593033,0.36000001430511475,0.07999999821186066,12,200
p001237_exp2,False,,,,,0,
22064b_exp1,True,0.04083333286042842,0.019999999552965164,0.20000000298023224,0.014999999664723873,12,200
p001346_exp1,True,0.050909090140634335,0.03999999910593033,0.18000000715255737,0.0818181810053912,11,200
p001237b_exp3,True,0.12999999964085873,0.10000000149011612,0.8399999737739563,0.1962499984074384,16,200
p001237b_RL_pharma,True,0.13724489741939672,0.10000000149011612,0.9800000190734863,0.15857142635754176,14,200
p001237b_exp5,True,0.1153124994598329,0.05999999865889549,0.699999988079071,0.19749999837949872,8,200
p001237b_exp6,False,,,,,0,
p001237b_exp8,True,0.1122222224302176,0.05999999865889549,0.9200000166893005,0.28833333030343056,12,200
23133_exp2,True,0.20959999974817037,0.1599999964237213,0.8600000143051147,0.11999999955296517,10,200
p001237b_exp2,True,0.14591715930128943,0.10000000149011612,1.0,0.244615382873095,13,200
23133_exp3,True,0.17798816485429655,0.14000000059604645,0.9200000166893005,0.13384615286038473,13,200
23138_exp1,True,0.32439999911934136,0.1900000050663948,1.0,0.09599999785423279,10,200
23138_RL_pharma,True,0.05499999981373548,0.0,1.0,0.3,10,200
23133_exp1,True,0.17500000063101856,0.14000000059604645,1.0,0.15714285842009953,14,200
23186_RL_only,True,0.12539999991655348,0.03999999910593033,0.9399999976158142,0.10999999903142452,10,200
23138b_Rl_only2,True,0.0797999993339181,0.05999999865889549,0.8199999928474426,0.08199999891221524,10,200
22097_Bl1,True,0.08499999962643617,0.05999999865889549,0.9200000166893005,0.07166666723787785,12,200
22097_rl_only,True,0.11209876541002298,0.07999999821186066,1.0,0.09111110990246137,9,200
22194_baseline,True,0.18480000000447036,0.14000000059604645,0.5799999833106995,0.13199999928474426,10,200
