exp_id,proj,chip,organoid,batch,exp,paradigm,spikes_available,n_units,recording_length_ms,causal_available,cartpole_n_runs
c20215_exp2,23-11-22_cartpole,c20215-run1,c20215,1,exp2,cycled,True,8,1385,True,23
c20215_r2-e1,23-11-22_cartpole,c20215-run2,c20215,1,r2-e1,cycled,True,9,1088,True,9
p001068_exp1,23-11-30_cartpole,P001068,p001068,1,exp1,cycled,True,10,1115,True,3
p001068_exp1-2,23-11-30_cartpole,P001068,p001068,1,exp1-2,cycled,False,,,False,6
p001068_exp2,23-11-30_cartpole,P001068,p001068,1,exp2,cycled,True,11,632,True,6
21965_exp1,23-11-30_cartpole,21965,21965,2,exp1,cycled,True,10,1604,True,12
22064_exp3,23-11-30_cartpole,22064,22064,2,exp3,cycled,True,9,704,True,6
22064_exp4,23-11-30_cartpole,22064,22064,2,exp4,cycled,False,,,False,6
22064_exp5,23-11-30_cartpole,22064,22064,2,exp5,cycled,False,,,False,6
22064_exp7,23-11-30_cartpole,22064,22064,2,exp7,cycled,False,,,False,6
p001068_exp4,23-11-30_cartpole,P001068,p001068,1,exp4,cycled,True,10,819,True,6
21965_exp4,23-11-30_cartpole,21965,21965,2,exp4,cycled,True,10,2515,True,6
22064_long_exp_2,23-11-30_cartpole,22064,22064,2,long_exp_2,cycled,True,10,376,True,15
22064_long_exp_3,23-11-30_cartpole,22064,22064,2,long_exp_3,cycled,True,10,2314,True,20
p001515_exp1,23-11-30_cartpole,P001515,p001515,2,exp1,cycled,True,9,235,True,9
20217_exp1,24-01-07_data,20217,20217,3,exp1,cycled,True,10,1087,True,6
20217_exp2,24-01-07_data,20217,20217,3,exp2,cycled,True,10,473,True,3
20217_exp4,24-01-07_data,20217,20217,3,exp4,cycled,True,15,2376,True,13
p001237_exp1,24-01-07_data,P001237,p001237,3,exp1,cycled,True,12,973,True,19
p001237_exp2,24-01-07_data,P001237,p001237,3,exp2,cycled,False,,,False,5
22064b_exp1,24-01-07_data,22064,22064b,3,exp1,cycled,True,12,223,True,6
p001346_exp1,24-03-25_plasticity,p001346,p001346,4,exp1,cycled,True,11,712,True,12
p001237b_exp3,24-03-25_plasticity,p001237,p001237b,4,exp3,cycled,True,16,4657,True,7
p001237b_RL_pharma,24-03-25_plasticity,p001237,p001237b,4,RL_pharma,continuous,True,14,2780,True,17
p001237b_exp5,24-03-25_plasticity,p001237,p001237b,4,exp5,continuous,True,8,7176,True,7
p001237b_exp6,24-03-25_plasticity,p001237,p001237b,4,exp6,cycled,False,,,False,7
p001237b_exp8,24-03-25_plasticity,p001237,p001237b,4,exp8,cycled,True,12,5091,True,15
23133_exp2,24-04-18_butterfly,23133,23133,5,exp2,cycled,True,10,3648,True,18
p001237b_exp2,24-04-18_butterfly,p001237,p001237b,4,exp2,continuous,True,13,509,True,15
23133_exp3,24-04-18_butterfly,23133,23133,5,exp3,cycled,True,13,7320,True,18
23138_exp1,24-04-18_butterfly,23138,23138,5,exp1,cycled,True,10,5272,True,20
23138_RL_pharma,24-04-18_butterfly,23138,23138,5,RL_pharma,continuous,True,10,4975,True,20
23133_exp1,24-04-18_butterfly,23133,23133,5,exp1,continuous,True,14,2857,True,14
23186_RL_only,24-04-18_butterfly,23186,23186,6,RL_only,continuous,True,10,1213,True,5
23138b_Rl_only2,24-04-18_butterfly,23138,23138b,6,Rl_only2,continuous,True,10,1856,True,24
22097_Bl1,24-05-18_plasticity,22097,22097,7,Bl1,continuous,True,12,433,True,23
22097_rl_only,2024-05-06_butterfly,22097,22097,7,rl_only,continuous,True,9,1099,True,7
22194_baseline,24-05-24,22194,22194,7,baseline,continuous,True,10,3725,True,6
