access,dandiset,description,doi,format,has_spikes,has_stims,license,name,paper,path,size_category,size_mb,source,spike_count,stim_count,subset_possible,substrate,type,url
open,,Goal-directed learning in cortical organoids (cartpole task),17684862,likely HDF5/NPZ,,,open,Goal-Directed Learning in Cortical Organoids - Experimental Data and Code,Robbins et al. 2025,,MEDIUM,,Zenodo,,,,cortical organoids,organoid,https://zenodo.org/records/17684862
open,,Spontaneous activity recordings from cortical organoids,4751759,likely HDF5/NPZ,,,open,Complex Oscillatory Waves Emerging from Cortical Organoids,Trujillo et al. 2019,,MEDIUM,,Zenodo,,,,cortical organoids,organoid,https://zenodo.org/records/4751759
open,,Spike data from spontaneous activity,18298694,spike data,,,open,Human forebrain organoids spontaneous activities spike data,Itatani et al. 2026,,SMALL,,Zenodo,,,,human forebrain organoids,organoid,https://zenodo.org/records/18298694
open,,DishBrain closed-loop learning data (Pong task),,likely HDF5/NPZ,,,likely CC-BY,DishBrain OSF Repository,Kagan et al. 2022 Neuron,,MEDIUM,,OSF,,,,cortical neurons on MEA,organoid/MEA,https://osf.io/5u6qv/
dandi:OpenAccess,001603,"111 files, 322.2 GB - VERY LARGE",,NWB,,,CC-BY-4.0,Preconfigured neuronal firing sequences in human brain organoids (DANDI 001603),,,VERY_LARGE,,DANDI,,,True,human brain organoids,organoid,https://dandiarchive.org/dandiset/001603
draft,001611/draft,"2700 files, 39.9 GB - LARGE, repeated-stimulation experiment",,NWB,,,CC-BY,Spiking data of dissociated rat cortical cultures on HD-MEAs (DANDI 001611/draft),,,LARGE,,DANDI,,,True,rat cortical cultures,cortical_culture,https://dandiarchive.org/dandiset/001611/draft
conditional (agree to share contact),,CL1 reply datasets (requires contact info agreement),,unknown,,,custom,CL1 Reply UNIMI v1/v4/vimm-v1,,,UNKNOWN,,Hugging Face,,,,CL1 biological computer,CL1,https://huggingface.co/datasets/reply-area42/cl1-reply-unimi-v1
open,,Functional development comparison,10.12751/g-node.wvr3jf,likely HDF5/NWB,,,open,Comparative MEA dataset of hPSC-derived and rat neuronal networks (G-Node),,,MEDIUM,,G-Node,,,,hPSC-derived and rat neuronal networks,MEA,https://doi.gin.g-node.org/10.12751/g-node.wvr3jf/
remote access platform,,Open and remotely accessible Neuroplatform for wetware computing,,platform API,,,open access paper,FinalSpark Neuroplatform,,,PLATFORM,,FinalSpark/PMC,,,,brain organoids on MEA with remote access,organoid/cloud,https://pmc.ncbi.nlm.nih.gov/articles/PMC11097343/
local,,"Simulator recording: 0 spikes, 0 stims",,HDF5 (Cortical format),True,True,,Simulator: 2026-09-29_03-30-38.823+00-00__high_amp_50uv_1pulse.h5,,/home/vinicius/2026-09-29_03-30-38.823+00-00__high_amp_50uv_1pulse.h5,TINY,0.1,CL_Simulator_local,0,0,,Poisson process (no biology),simulator,
local,,"Simulator recording: 2087 spikes, 0 stims",,HDF5 (Cortical format),True,True,,Simulator: 2026-09-29_02-33-45.741+00-00__cortical_oi_poc.h5,,/home/vinicius/2026-09-29_02-33-45.741+00-00__cortical_oi_poc.h5,TINY,95.0,CL_Simulator_local,2087,0,,Poisson process (no biology),simulator,
local,,"Simulator recording: 1404 spikes, 3680 stims",,HDF5 (Cortical format),True,True,,Simulator: 2026-09-29_03-36-40.766+00-00__pulse_train_50uv_5pulse.h5,,/home/vinicius/2026-09-29_03-36-40.766+00-00__pulse_train_50uv_5pulse.h5,TINY,73.1,CL_Simulator_local,1404,3680,,Poisson process (no biology),simulator,
local,,"Simulator recording: 1404 spikes, 624 stims",,HDF5 (Cortical format),True,True,,Simulator: 2026-09-29_03-35-58.795+00-00__low_amp_10uv_1pulse.h5,,/home/vinicius/2026-09-29_03-35-58.795+00-00__low_amp_10uv_1pulse.h5,TINY,72.2,CL_Simulator_local,1404,624,,Poisson process (no biology),simulator,
local,,"Simulator recording: 2127 spikes, 120 stims",,HDF5 (Cortical format),True,True,,Simulator: 2026-09-29_04-45-45.964+00-00__burst_stdp_ltd.h5,,/home/vinicius/2026-09-29_04-45-45.964+00-00__burst_stdp_ltd.h5,TINY,93.0,CL_Simulator_local,2127,120,,Poisson process (no biology),simulator,
local,,"Simulator recording: 70 spikes, 480 stims",,HDF5 (Cortical format),True,True,,Simulator: 2026-09-29_04-29-25.646+00-00__bo_amp13.9_tc10.h5,,/home/vinicius/2026-09-29_04-29-25.646+00-00__bo_amp13.9_tc10.h5,TINY,3.8,CL_Simulator_local,70,480,,Poisson process (no biology),simulator,
local,,"Simulator recording: 2029 spikes, 0 stims",,HDF5 (Cortical format),True,True,,Simulator: 2026-09-29_04-44-42.521+00-00__burst_stdp_control.h5,,/home/vinicius/2026-09-29_04-44-42.521+00-00__burst_stdp_control.h5,TINY,92.8,CL_Simulator_local,2029,0,,Poisson process (no biology),simulator,
local,,"Simulator recording: 5 spikes, 0 stims",,HDF5 (Cortical format),True,True,,Simulator: 2026-09-29_04-22-45.630+00-00__bo_amp79.8_tc8.h5,,/home/vinicius/2026-09-29_04-22-45.630+00-00__bo_amp79.8_tc8.h5,TINY,0.6,CL_Simulator_local,5,0,,Poisson process (no biology),simulator,
local,,"Simulator recording: 90 spikes, 800 stims",,HDF5 (Cortical format),True,True,,Simulator: 2026-09-29_04-29-28.527+00-00__bo_amp100.0_tc10.h5,,/home/vinicius/2026-09-29_04-29-28.527+00-00__bo_amp100.0_tc10.h5,TINY,3.7,CL_Simulator_local,90,800,,Poisson process (no biology),simulator,
local,,"Simulator recording: 29 spikes, 0 stims",,HDF5 (Cortical format),True,True,,Simulator: 2026-09-29_04-27-46.651+00-00__bo_amp26.6_tc2.h5,,/home/vinicius/2026-09-29_04-27-46.651+00-00__bo_amp26.6_tc2.h5,TINY,2.1,CL_Simulator_local,29,0,,Poisson process (no biology),simulator,
local,,"Simulator recording: 63 spikes, 288 stims",,HDF5 (Cortical format),True,True,,Simulator: 2026-09-29_04-29-21.341+00-00__bo_amp38.4_tc9.h5,,/home/vinicius/2026-09-29_04-29-21.341+00-00__bo_amp38.4_tc9.h5,TINY,3.7,CL_Simulator_local,63,288,,Poisson process (no biology),simulator,
local,,"Simulator recording: 0 spikes, 0 stims",,HDF5 (Cortical format),True,True,,Simulator: 2026-09-29_03-28-12.473+00-00__baseline_no_stim.h5,,/home/vinicius/2026-09-29_03-28-12.473+00-00__baseline_no_stim.h5,TINY,0.1,CL_Simulator_local,0,0,,Poisson process (no biology),simulator,
local,,"Simulator recording: 372 spikes, 1920 stims",,HDF5 (Cortical format),True,True,,Simulator: 2026-09-29_04-31-23.909+00-00__bo_amp26.6_tc10.h5,,/home/vinicius/2026-09-29_04-31-23.909+00-00__bo_amp26.6_tc10.h5,TINY,16.0,CL_Simulator_local,372,1920,,Poisson process (no biology),simulator,
local,,"Simulator recording: 367 spikes, 1216 stims",,HDF5 (Cortical format),True,True,,Simulator: 2026-09-29_04-31-07.172+00-00__bo_amp87.5_tc8.h5,,/home/vinicius/2026-09-29_04-31-07.172+00-00__bo_amp87.5_tc8.h5,TINY,16.0,CL_Simulator_local,367,1216,,Poisson process (no biology),simulator,
local,,"Simulator recording: 0 spikes, 0 stims",,HDF5 (Cortical format),True,True,,Simulator: 2026-09-29_04-21-37.117+00-00__bo_amp38.2_tc1.h5,,/home/vinicius/2026-09-29_04-21-37.117+00-00__bo_amp38.2_tc1.h5,TINY,0.1,CL_Simulator_local,0,0,,Poisson process (no biology),simulator,
local,,"Simulator recording: 7 spikes, 0 stims",,HDF5 (Cortical format),True,True,,Simulator: 2026-09-29_04-27-49.850+00-00__bo_amp100.0_tc10.h5,,/home/vinicius/2026-09-29_04-27-49.850+00-00__bo_amp100.0_tc10.h5,TINY,0.8,CL_Simulator_local,7,0,,Poisson process (no biology),simulator,
local,,"Simulator recording: 357 spikes, 1600 stims",,HDF5 (Cortical format),True,True,,Simulator: 2026-09-29_04-31-41.644+00-00__bo_amp27.6_tc10.h5,,/home/vinicius/2026-09-29_04-31-41.644+00-00__bo_amp27.6_tc10.h5,TINY,16.0,CL_Simulator_local,357,1600,,Poisson process (no biology),simulator,
local,,"Simulator recording: 2 spikes, 0 stims",,HDF5 (Cortical format),True,True,,Simulator: 2026-09-29_04-27-48.519+00-00__bo_amp17.9_tc10.h5,,/home/vinicius/2026-09-29_04-27-48.519+00-00__bo_amp17.9_tc10.h5,TINY,0.6,CL_Simulator_local,2,0,,Poisson process (no biology),simulator,
local,,"Simulator recording: 14 spikes, 0 stims",,HDF5 (Cortical format),True,True,,Simulator: 2026-09-29_04-27-46.493+00-00__bo_amp59.7_tc10.h5,,/home/vinicius/2026-09-29_04-27-46.493+00-00__bo_amp59.7_tc10.h5,TINY,1.0,CL_Simulator_local,14,0,,Poisson process (no biology),simulator,
local,,"Simulator recording: 1 spikes, 0 stims",,HDF5 (Cortical format),True,True,,Simulator: 2026-09-29_03-30-38.792+00-00__low_amp_10uv_1pulse.h5,,/home/vinicius/2026-09-29_03-30-38.792+00-00__low_amp_10uv_1pulse.h5,TINY,0.6,CL_Simulator_local,1,0,,Poisson process (no biology),simulator,
local,,"Simulator recording: 2 spikes, 0 stims",,HDF5 (Cortical format),True,True,,Simulator: 2026-09-29_04-21-37.184+00-00__bo_amp86.6_tc2.h5,,/home/vinicius/2026-09-29_04-21-37.184+00-00__bo_amp86.6_tc2.h5,TINY,0.6,CL_Simulator_local,2,0,,Poisson process (no biology),simulator,
local,,"Simulator recording: 0 spikes, 0 stims",,HDF5 (Cortical format),True,True,,Simulator: 2026-09-29_03-28-12.523+00-00__high_amp_50uv_1pulse.h5,,/home/vinicius/2026-09-29_03-28-12.523+00-00__high_amp_50uv_1pulse.h5,TINY,0.1,CL_Simulator_local,0,0,,Poisson process (no biology),simulator,
local,,"Simulator recording: 1384 spikes, 6320 stims",,HDF5 (Cortical format),True,True,,Simulator: 2026-09-29_03-37-22.797+00-00__short_interval_50uv_10pulse_5ms.h5,,/home/vinicius/2026-09-29_03-37-22.797+00-00__short_interval_50uv_10pulse_5ms.h5,TINY,71.9,CL_Simulator_local,1384,6320,,Poisson process (no biology),simulator,
local,,"Simulator recording: 205 spikes, 0 stims",,HDF5 (Cortical format),True,True,,Simulator: 2026-09-29_03-17-30.953+00-00__short_interval_50uv_10pulse_5ms.h5,,/home/vinicius/2026-09-29_03-17-30.953+00-00__short_interval_50uv_10pulse_5ms.h5,TINY,9.2,CL_Simulator_local,205,0,,Poisson process (no biology),simulator,
local,,"Simulator recording: 1110 spikes, 0 stims",,HDF5 (Cortical format),True,True,,Simulator: 2026-09-29_02-33-04.456+00-00__cortical_oi_poc.h5,,/home/vinicius/2026-09-29_02-33-04.456+00-00__cortical_oi_poc.h5,TINY,47.1,CL_Simulator_local,1110,0,,Poisson process (no biology),simulator,
local,,"Simulator recording: 360 spikes, 1024 stims",,HDF5 (Cortical format),True,True,,Simulator: 2026-09-29_04-31-12.465+00-00__bo_amp70.3_tc8.h5,,/home/vinicius/2026-09-29_04-31-12.465+00-00__bo_amp70.3_tc8.h5,TINY,16.0,CL_Simulator_local,360,1024,,Poisson process (no biology),simulator,
local,,"Simulator recording: 70 spikes, 32 stims",,HDF5 (Cortical format),True,True,,Simulator: 2026-09-29_04-29-27.107+00-00__bo_amp0.4_tc1.h5,,/home/vinicius/2026-09-29_04-29-27.107+00-00__bo_amp0.4_tc1.h5,TINY,3.7,CL_Simulator_local,70,32,,Poisson process (no biology),simulator,
local,,"Simulator recording: 342 spikes, 680 stims",,HDF5 (Cortical format),True,True,,Simulator: 2026-09-29_04-30-56.666+00-00__bo_amp16.2_tc5.h5,,/home/vinicius/2026-09-29_04-30-56.666+00-00__bo_amp16.2_tc5.h5,TINY,16.0,CL_Simulator_local,342,680,,Poisson process (no biology),simulator,
local,,"Simulator recording: 332 spikes, 1728 stims",,HDF5 (Cortical format),True,True,,Simulator: 2026-09-29_04-30-51.069+00-00__bo_amp29.3_tc8.h5,,/home/vinicius/2026-09-29_04-30-51.069+00-00__bo_amp29.3_tc8.h5,TINY,16.0,CL_Simulator_local,332,1728,,Poisson process (no biology),simulator,
local,,"Simulator recording: 7 spikes, 0 stims",,HDF5 (Cortical format),True,True,,Simulator: 2026-09-29_04-22-45.669+00-00__bo_amp95.5_tc9.h5,,/home/vinicius/2026-09-29_04-22-45.669+00-00__bo_amp95.5_tc9.h5,TINY,0.9,CL_Simulator_local,7,0,,Poisson process (no biology),simulator,
local,,"Simulator recording: 182 spikes, 0 stims",,HDF5 (Cortical format),True,True,,Simulator: 2026-09-29_03-19-30.547+00-00__closedloop_test.h5,,/home/vinicius/2026-09-29_03-19-30.547+00-00__closedloop_test.h5,TINY,7.9,CL_Simulator_local,182,0,,Poisson process (no biology),simulator,
local,,"Simulator recording: 2117 spikes, 160 stims",,HDF5 (Cortical format),True,True,,Simulator: 2026-09-29_04-42-44.445+00-00__burst_stdp_ltp.h5,,/home/vinicius/2026-09-29_04-42-44.445+00-00__burst_stdp_ltp.h5,TINY,93.0,CL_Simulator_local,2117,160,,Poisson process (no biology),simulator,
local,,"Simulator recording: 325 spikes, 1280 stims",,HDF5 (Cortical format),True,True,,Simulator: 2026-09-29_04-31-01.925+00-00__bo_amp54.7_tc10.h5,,/home/vinicius/2026-09-29_04-31-01.925+00-00__bo_amp54.7_tc10.h5,TINY,16.0,CL_Simulator_local,325,1280,,Poisson process (no biology),simulator,
local,,"Simulator recording: 6 spikes, 0 stims",,HDF5 (Cortical format),True,True,,Simulator: 2026-09-29_02-20-42.278+00-00__poc_test.h5,,/home/vinicius/2026-09-29_02-20-42.278+00-00__poc_test.h5,TINY,1.0,CL_Simulator_local,6,0,,Poisson process (no biology),simulator,
local,,"Simulator recording: 2037 spikes, 0 stims",,HDF5 (Cortical format),True,True,,Simulator: 2026-09-29_02-34-59.986+00-00__cortical_oi_poc.h5,,/home/vinicius/2026-09-29_02-34-59.986+00-00__cortical_oi_poc.h5,TINY,95.4,CL_Simulator_local,2037,0,,Poisson process (no biology),simulator,
local,,"Simulator recording: 2123 spikes, 120 stims",,HDF5 (Cortical format),True,True,,Simulator: 2026-09-29_04-45-14.251+00-00__burst_stdp_ltp.h5,,/home/vinicius/2026-09-29_04-45-14.251+00-00__burst_stdp_ltp.h5,TINY,93.0,CL_Simulator_local,2123,120,,Poisson process (no biology),simulator,
local,,"Simulator recording: 1355 spikes, 0 stims",,HDF5 (Cortical format),True,True,,Simulator: 2026-09-29_03-11-01.851+00-00__baseline_no_stim.h5,,/home/vinicius/2026-09-29_03-11-01.851+00-00__baseline_no_stim.h5,TINY,71.8,CL_Simulator_local,1355,0,,Poisson process (no biology),simulator,
local,,"Simulator recording: 0 spikes, 0 stims",,HDF5 (Cortical format),True,True,,Simulator: 2026-09-29_03-30-38.760+00-00__baseline_no_stim.h5,,/home/vinicius/2026-09-29_03-30-38.760+00-00__baseline_no_stim.h5,TINY,0.1,CL_Simulator_local,0,0,,Poisson process (no biology),simulator,
local,,"Simulator recording: 15 spikes, 0 stims",,HDF5 (Cortical format),True,True,,Simulator: 2026-09-29_04-27-46.214+00-00__bo_amp80.3_tc4.h5,,/home/vinicius/2026-09-29_04-27-46.214+00-00__bo_amp80.3_tc4.h5,TINY,1.3,CL_Simulator_local,15,0,,Poisson process (no biology),simulator,
local,,"Simulator recording: 1342 spikes, 0 stims",,HDF5 (Cortical format),True,True,,Simulator: 2026-09-29_03-35-37.866+00-00__baseline_no_stim.h5,,/home/vinicius/2026-09-29_03-35-37.866+00-00__baseline_no_stim.h5,TINY,74.6,CL_Simulator_local,1342,0,,Poisson process (no biology),simulator,
local,,"Simulator recording: 355 spikes, 1360 stims",,HDF5 (Cortical format),True,True,,Simulator: 2026-09-29_04-31-29.561+00-00__bo_amp24.3_tc10.h5,,/home/vinicius/2026-09-29_04-31-29.561+00-00__bo_amp24.3_tc10.h5,TINY,16.0,CL_Simulator_local,355,1360,,Poisson process (no biology),simulator,
local,,"Simulator recording: 7 spikes, 0 stims",,HDF5 (Cortical format),True,True,,Simulator: 2026-09-29_04-22-46.167+00-00__bo_amp57.9_tc9.h5,,/home/vinicius/2026-09-29_04-22-46.167+00-00__bo_amp57.9_tc9.h5,TINY,0.8,CL_Simulator_local,7,0,,Poisson process (no biology),simulator,
local,,"Simulator recording: 24 spikes, 0 stims",,HDF5 (Cortical format),True,True,,Simulator: 2026-09-29_04-27-47.210+00-00__bo_amp53.7_tc10.h5,,/home/vinicius/2026-09-29_04-27-47.210+00-00__bo_amp53.7_tc10.h5,TINY,1.7,CL_Simulator_local,24,0,,Poisson process (no biology),simulator,
local,,"Simulator recording: 0 spikes, 0 stims",,HDF5 (Cortical format),True,True,,Simulator: 2026-09-29_03-30-38.867+00-00__long_dur_50uv_10ms.h5,,/home/vinicius/2026-09-29_03-30-38.867+00-00__long_dur_50uv_10ms.h5,TINY,0.1,CL_Simulator_local,0,0,,Poisson process (no biology),simulator,
local,,"Simulator recording: 24 spikes, 0 stims",,HDF5 (Cortical format),True,True,,Simulator: 2026-09-29_04-27-45.897+00-00__bo_amp61.1_tc8.h5,,/home/vinicius/2026-09-29_04-27-45.897+00-00__bo_amp61.1_tc8.h5,TINY,1.4,CL_Simulator_local,24,0,,Poisson process (no biology),simulator,
local,,"Simulator recording: 33 spikes, 0 stims",,HDF5 (Cortical format),True,True,,Simulator: 2026-09-29_04-27-48.934+00-00__bo_amp3.7_tc1.h5,,/home/vinicius/2026-09-29_04-27-48.934+00-00__bo_amp3.7_tc1.h5,TINY,2.2,CL_Simulator_local,33,0,,Poisson process (no biology),simulator,
local,,"Simulator recording: 61 spikes, 0 stims",,HDF5 (Cortical format),True,True,,Simulator: 2026-09-29_04-29-24.218+00-00__bo_amp0.0_tc10.h5,,/home/vinicius/2026-09-29_04-29-24.218+00-00__bo_amp0.0_tc10.h5,TINY,3.6,CL_Simulator_local,61,0,,Poisson process (no biology),simulator,
local,,"Simulator recording: 379 spikes, 2000 stims",,HDF5 (Cortical format),True,True,,Simulator: 2026-09-29_04-31-35.133+00-00__bo_amp28.4_tc10.h5,,/home/vinicius/2026-09-29_04-31-35.133+00-00__bo_amp28.4_tc10.h5,TINY,16.0,CL_Simulator_local,379,2000,,Poisson process (no biology),simulator,
local,,"Simulator recording: 1309 spikes, 736 stims",,HDF5 (Cortical format),True,True,,Simulator: 2026-09-29_03-37-01.826+00-00__long_dur_50uv_1000us.h5,,/home/vinicius/2026-09-29_03-37-01.826+00-00__long_dur_50uv_1000us.h5,TINY,73.9,CL_Simulator_local,1309,736,,Poisson process (no biology),simulator,
local,,"Simulator recording: 62 spikes, 144 stims",,HDF5 (Cortical format),True,True,,Simulator: 2026-09-29_04-29-19.155+00-00__bo_amp51.1_tc9.h5,,/home/vinicius/2026-09-29_04-29-19.155+00-00__bo_amp51.1_tc9.h5,TINY,3.7,CL_Simulator_local,62,144,,Poisson process (no biology),simulator,
local,,"Simulator recording: 6 spikes, 0 stims",,HDF5 (Cortical format),True,True,,Simulator: 2026-09-29_04-27-50.307+00-00__bo_amp87.3_tc10.h5,,/home/vinicius/2026-09-29_04-27-50.307+00-00__bo_amp87.3_tc10.h5,TINY,0.7,CL_Simulator_local,6,0,,Poisson process (no biology),simulator,
local,,"Simulator recording: 2088 spikes, 0 stims",,HDF5 (Cortical format),True,True,,Simulator: 2026-09-29_04-42-12.966+00-00__burst_stdp_control.h5,,/home/vinicius/2026-09-29_04-42-12.966+00-00__burst_stdp_control.h5,TINY,92.8,CL_Simulator_local,2088,0,,Poisson process (no biology),simulator,
local,,"Simulator recording: 59 spikes, 0 stims",,HDF5 (Cortical format),True,True,,Simulator: 2026-09-29_03-32-37.615+00-00__baseline_no_stim.h5,,/home/vinicius/2026-09-29_03-32-37.615+00-00__baseline_no_stim.h5,TINY,3.7,CL_Simulator_local,59,0,,Poisson process (no biology),simulator,
local,,"Simulator recording: 0 spikes, 0 stims",,HDF5 (Cortical format),True,True,,Simulator: 2026-09-29_04-21-37.093+00-00__bo_amp3.9_tc8.h5,,/home/vinicius/2026-09-29_04-21-37.093+00-00__bo_amp3.9_tc8.h5,TINY,0.1,CL_Simulator_local,0,0,,Poisson process (no biology),simulator,
local,,"Simulator recording: 360 spikes, 1680 stims",,HDF5 (Cortical format),True,True,,Simulator: 2026-09-29_04-31-18.182+00-00__bo_amp27.5_tc10.h5,,/home/vinicius/2026-09-29_04-31-18.182+00-00__bo_amp27.5_tc10.h5,TINY,16.0,CL_Simulator_local,360,1680,,Poisson process (no biology),simulator,
local,,"Simulator recording: 2007 spikes, 0 stims",,HDF5 (Cortical format),True,True,,Simulator: 2026-09-29_03-18-19.541+00-00__cortical_oi_poc.h5,,/home/vinicius/2026-09-29_03-18-19.541+00-00__cortical_oi_poc.h5,TINY,95.2,CL_Simulator_local,2007,0,,Poisson process (no biology),simulator,
local,,"Simulator recording: 76 spikes, 0 stims",,HDF5 (Cortical format),True,True,,Simulator: 2026-09-29_03-32-40.822+00-00__pulse_train_50uv_5pulse.h5,,/home/vinicius/2026-09-29_03-32-40.822+00-00__pulse_train_50uv_5pulse.h5,TINY,3.7,CL_Simulator_local,76,0,,Poisson process (no biology),simulator,
local,,"Simulator recording: 73 spikes, 0 stims",,HDF5 (Cortical format),True,True,,Simulator: 2026-09-29_03-32-39.747+00-00__high_amp_50uv_1pulse.h5,,/home/vinicius/2026-09-29_03-32-39.747+00-00__high_amp_50uv_1pulse.h5,TINY,3.7,CL_Simulator_local,73,0,,Poisson process (no biology),simulator,
local,,"Simulator recording: 0 spikes, 0 stims",,HDF5 (Cortical format),True,True,,Simulator: 2026-09-29_03-28-12.548+00-00__pulse_train_50uv_5pulse.h5,,/home/vinicius/2026-09-29_03-28-12.548+00-00__pulse_train_50uv_5pulse.h5,TINY,0.1,CL_Simulator_local,0,0,,Poisson process (no biology),simulator,
local,,"Simulator recording: 3 spikes, 0 stims",,HDF5 (Cortical format),True,True,,Simulator: 2026-09-29_04-27-48.088+00-00__bo_amp0.1_tc10.h5,,/home/vinicius/2026-09-29_04-27-48.088+00-00__bo_amp0.1_tc10.h5,TINY,0.6,CL_Simulator_local,3,0,,Poisson process (no biology),simulator,
local,,"Simulator recording: 77 spikes, 640 stims",,HDF5 (Cortical format),True,True,,Simulator: 2026-09-29_04-29-29.916+00-00__bo_amp85.8_tc10.h5,,/home/vinicius/2026-09-29_04-29-29.916+00-00__bo_amp85.8_tc10.h5,TINY,3.7,CL_Simulator_local,77,640,,Poisson process (no biology),simulator,
local,,"Simulator recording: 0 spikes, 0 stims",,HDF5 (Cortical format),True,True,,Simulator: 2026-09-29_03-30-38.845+00-00__pulse_train_50uv_5pulse.h5,,/home/vinicius/2026-09-29_03-30-38.845+00-00__pulse_train_50uv_5pulse.h5,TINY,0.1,CL_Simulator_local,0,0,,Poisson process (no biology),simulator,
local,,"Simulator recording: 20 spikes, 0 stims",,HDF5 (Cortical format),True,True,,Simulator: 2026-09-29_04-22-46.257+00-00__bo_amp88.5_tc2.h5,,/home/vinicius/2026-09-29_04-22-46.257+00-00__bo_amp88.5_tc2.h5,TINY,1.2,CL_Simulator_local,20,0,,Poisson process (no biology),simulator,
local,,"Simulator recording: 0 spikes, 0 stims",,HDF5 (Cortical format),True,True,,Simulator: 2026-09-29_03-28-12.498+00-00__low_amp_10uv_1pulse.h5,,/home/vinicius/2026-09-29_03-28-12.498+00-00__low_amp_10uv_1pulse.h5,TINY,0.1,CL_Simulator_local,0,0,,Poisson process (no biology),simulator,
local,,"Simulator recording: 61 spikes, 256 stims",,HDF5 (Cortical format),True,True,,Simulator: 2026-09-29_04-29-20.260+00-00__bo_amp64.5_tc8.h5,,/home/vinicius/2026-09-29_04-29-20.260+00-00__bo_amp64.5_tc8.h5,TINY,3.7,CL_Simulator_local,61,256,,Poisson process (no biology),simulator,
local,,"Simulator recording: 0 spikes, 0 stims",,HDF5 (Cortical format),True,True,,Simulator: 2026-09-29_04-21-37.139+00-00__bo_amp29.4_tc7.h5,,/home/vinicius/2026-09-29_04-21-37.139+00-00__bo_amp29.4_tc7.h5,TINY,0.1,CL_Simulator_local,0,0,,Poisson process (no biology),simulator,
local,,"Simulator recording: 0 spikes, 0 stims",,HDF5 (Cortical format),True,True,,Simulator: 2026-09-29_03-30-38.892+00-00__short_interval_50uv_10pulse_5ms.h5,,/home/vinicius/2026-09-29_03-30-38.892+00-00__short_interval_50uv_10pulse_5ms.h5,TINY,0.1,CL_Simulator_local,0,0,,Poisson process (no biology),simulator,
local,,"Simulator recording: 0 spikes, 0 stims",,HDF5 (Cortical format),True,True,,Simulator: 2026-09-29_03-28-12.571+00-00__long_dur_50uv_10ms.h5,,/home/vinicius/2026-09-29_03-28-12.571+00-00__long_dur_50uv_10ms.h5,TINY,0.1,CL_Simulator_local,0,0,,Poisson process (no biology),simulator,
local,,"Simulator recording: 1306 spikes, 704 stims",,HDF5 (Cortical format),True,True,,Simulator: 2026-09-29_03-36-19.925+00-00__high_amp_50uv_1pulse.h5,,/home/vinicius/2026-09-29_03-36-19.925+00-00__high_amp_50uv_1pulse.h5,TINY,72.8,CL_Simulator_local,1306,704,,Poisson process (no biology),simulator,
local,,"Simulator recording: 78 spikes, 288 stims",,HDF5 (Cortical format),True,True,,Simulator: 2026-09-29_04-29-22.641+00-00__bo_amp25.3_tc4.h5,,/home/vinicius/2026-09-29_04-29-22.641+00-00__bo_amp25.3_tc4.h5,TINY,3.7,CL_Simulator_local,78,288,,Poisson process (no biology),simulator,
local,,"Simulator recording: 72 spikes, 288 stims",,HDF5 (Cortical format),True,True,,Simulator: 2026-09-29_04-29-18.064+00-00__bo_amp37.4_tc9.h5,,/home/vinicius/2026-09-29_04-29-18.064+00-00__bo_amp37.4_tc9.h5,TINY,3.7,CL_Simulator_local,72,288,,Poisson process (no biology),simulator,
local,,"Simulator recording: 68 spikes, 0 stims",,HDF5 (Cortical format),True,True,,Simulator: 2026-09-29_03-32-42.944+00-00__short_interval_50uv_10pulse_5ms.h5,,/home/vinicius/2026-09-29_03-32-42.944+00-00__short_interval_50uv_10pulse_5ms.h5,TINY,3.7,CL_Simulator_local,68,0,,Poisson process (no biology),simulator,
local,,"Simulator recording: 0 spikes, 0 stims",,HDF5 (Cortical format),True,True,,Simulator: 2026-09-29_04-21-37.161+00-00__bo_amp77.7_tc4.h5,,/home/vinicius/2026-09-29_04-21-37.161+00-00__bo_amp77.7_tc4.h5,TINY,0.1,CL_Simulator_local,0,0,,Poisson process (no biology),simulator,
local,,"Simulator recording: 23 spikes, 0 stims",,HDF5 (Cortical format),True,True,,Simulator: 2026-09-29_04-22-45.784+00-00__bo_amp50.1_tc5.h5,,/home/vinicius/2026-09-29_04-22-45.784+00-00__bo_amp50.1_tc5.h5,TINY,1.6,CL_Simulator_local,23,0,,Poisson process (no biology),simulator,
local,,"Simulator recording: 2103 spikes, 160 stims",,HDF5 (Cortical format),True,True,,Simulator: 2026-09-29_04-43-16.010+00-00__burst_stdp_ltd.h5,,/home/vinicius/2026-09-29_04-43-16.010+00-00__burst_stdp_ltd.h5,TINY,93.0,CL_Simulator_local,2103,160,,Poisson process (no biology),simulator,
local,,"Simulator recording: 70 spikes, 0 stims",,HDF5 (Cortical format),True,True,,Simulator: 2026-09-29_03-32-41.878+00-00__long_dur_50uv_10ms.h5,,/home/vinicius/2026-09-29_03-32-41.878+00-00__long_dur_50uv_10ms.h5,TINY,3.7,CL_Simulator_local,70,0,,Poisson process (no biology),simulator,
local,,"Simulator recording: 67 spikes, 0 stims",,HDF5 (Cortical format),True,True,,Simulator: 2026-09-29_03-32-38.683+00-00__low_amp_10uv_1pulse.h5,,/home/vinicius/2026-09-29_03-32-38.683+00-00__low_amp_10uv_1pulse.h5,TINY,3.7,CL_Simulator_local,67,0,,Poisson process (no biology),simulator,
local,,"Simulator recording: 0 spikes, 0 stims",,HDF5 (Cortical format),True,True,,Simulator: 2026-09-29_03-28-12.605+00-00__short_interval_50uv_10pulse_5ms.h5,,/home/vinicius/2026-09-29_03-28-12.605+00-00__short_interval_50uv_10pulse_5ms.h5,TINY,0.1,CL_Simulator_local,0,0,,Poisson process (no biology),simulator,
local,,"Simulator recording: 2046 spikes, 120 stims",,HDF5 (Cortical format),True,True,,Simulator: 2026-09-29_04-48-32.348+00-00__adaptive_feature_stim.h5,,/home/vinicius/2026-09-29_04-48-32.348+00-00__adaptive_feature_stim.h5,TINY,93.0,CL_Simulator_local,2046,120,,Poisson process (no biology),simulator,
